Job ID,Job URL,Job Title,Company Name,Status,Timestamp,WP ID
9935c045a8f03727,https://jobsbotswana.info/jobs/2026-audit-accounting-trainee-intake/,2026 Audit & Accounting Trainee Intake,Jobs Botswana,posted,2026-07-08T20:34:48.923116,28.0
04731b287c1d52ef,https://jobsbotswana.info/jobs/a-director-and-regional-consultant-metraclark-botswana-pty-ltd/,A DIRECTOR AND REGIONAL CONSULTANT – METRACLARK Botswana (PTY) Ltd.,METRACLARK Botswana (PTY) Ltd.,posted,2026-07-08T20:35:05.813491,29.0
a7b249c4c1e12a0d,https://jobsbotswana.info/jobs/a-works-contract-for-supply-delivery-installation-and-commissioning-of-new-110-kva-standby-generator-in-bobirwa-district-council-bobirwa-district-council/,"A WORKS CONTRACT FOR SUPPLY, DELIVERY, INSTALLATION AND COMMISSIONING OF NEW 110 KVA STANDBY GENERATOR IN BOBIRWA DISTRICT COUNCIL – Bobirwa District Council",Bobirwa District Council,posted,2026-07-08T20:35:25.093372,31.0
187b63f52fb3e513,https://jobsbotswana.info/jobs/academic-lecturer-imperial-school-of-business-and-science-isbs/,ACADEMIC LECTURER – Imperial School of Business and Science (Isbs),IMPERIAL SCHOOL OF BUSINESS AND SCIENCE (ISBS),posted,2026-07-08T20:35:42.945315,32.0
683e52744073f2fa,https://jobsbotswana.info/jobs/academic-senior-economics-lecturer-imperial-school-of-business-and-science/,ACADEMIC – SENIOR ECONOMICS LECTURER – Imperial School of Business and Science,Imperial School of Business and Science,posted,2026-07-08T20:35:59.178661,33.0
5a8812fecff38671,https://jobsbotswana.info/jobs/academic-staff-in-various-disciplines-botswana-institute-of-banking-finance/,ACADEMIC STAFF IN VARIOUS DISCIPLINES – Botswana Institute of Banking & Finance,Botswana Institute of Banking & Finance,posted,2026-07-08T20:36:16.624537,35.0
afdf461f846fc968,https://jobsbotswana.info/jobs/accouna/,ACCOUNA,Jobs Botswana,posted,2026-07-08T20:36:32.356394,36.0
4a5212c862cfcdd6,https://jobsbotswana.info/jobs/accountant-vanmed-pty-ltd/,ACCOUNTANT – Vanmed Pty Ltd,VANMED PTY LTD,posted,2026-07-08T20:36:52.131581,38.0
4e3ad42bb44291cd,https://jobsbotswana.info/jobs/accountant-western-apparels-pty-ltd/,ACCOUNTANT – Western Apparels (Pty) Ltd,Western Apparels (Pty) Ltd,posted,2026-07-08T20:37:12.027612,40.0
705d815f94a1dcdd,https://jobsbotswana.info/jobs/accounts-assistant-accounts-technician/,ACCOUNTS ASSISTANT / ACCOUNTS TECHNICIAN,Jobs Botswana,posted,2026-07-08T20:37:28.649710,41.0
94eab77531b0f9cc,https://jobsbotswana.info/jobs/accounts-officer-botswana-teachers-savings-and-credit-cooperative-society-botswana-teachers-saccos/,ACCOUNTS OFFICER – Botswana Teachers Savings and Credit Cooperative Society (Botswana Teachers SACCOS),Botswana Teachers Savings and Credit Cooperative Society (Botswana Teachers SACCOS),posted,2026-07-08T20:37:45.343038,43.0
f517d0893bb75dbd,https://jobsbotswana.info/jobs/accounts-officer-botswana-teachers-savings-and-credit-cooperative-society-saccos/,ACCOUNTS OFFICER – Botswana Teachers Savings and Credit Cooperative Society (SACCOS),Botswana Teachers Savings and Credit Cooperative Society (SACCOS),posted,2026-07-08T20:38:02.208034,44.0
aebad26aeee5d32c,https://jobsbotswana.info/jobs/admin-housekeeper-4bnb-western-bypass-bed-breakfast/,ADMIN / HOUSEKEEPER – 4BNB Western Bypass Bed & Breakfast,4BNB Western Bypass Bed & Breakfast,posted,2026-07-08T20:38:21.307129,46.0
7668fe21411d6cc4,https://jobsbotswana.info/jobs/administrative-integration-specialist-huaye-botswana-mining-pty-ltd/,ADMINISTRATIVE INTEGRATION SPECIALIST – Huaye Botswana Mining (Pty) Ltd,HUAYE BOTSWANA MINING (PTY) LTD,posted,2026-07-08T20:38:40.243069,48.0
eec6f896e873101f,https://jobsbotswana.info/jobs/advanced-life-support-als-paramedic-emergency-assist-991-2/,ADVANCED LIFE SUPPORT (ALS) PARAMEDIC – Emergency Assist 991,EMERGENCY ASSIST 991,posted,2026-07-08T20:38:58.687722,50.0
7086e7a384cdbc08,https://jobsbotswana.info/jobs/agrochemical-specialist-agrivet/,AGROCHEMICAL SPECIALIST – Agrivet,Agrivet,posted,2026-07-08T20:39:13.487469,51.0
139b8a07df3e6558,https://jobsbotswana.info/jobs/anti-poaching-field-ranger-6-positions-uncharted-africa-safari-co-2/,ANTI-POACHING FIELD RANGER (6 POSITIONS) – Uncharted Africa Safari Co.,Uncharted Africa Safari Co.,posted,2026-07-08T20:39:32.460554,53.0
318556ca55c801f4,https://jobsbotswana.info/jobs/anti-poaching-field-ranger-6-positions-uncharted-africa-safari-co/,ANTI- POACHING FIELD RANGER (6 POSITIONS) – Uncharted Africa Safari Co.,Uncharted Africa Safari Co.,posted,2026-07-08T20:39:50.441091,55.0
98ab7facdf53ddba,https://jobsbotswana.info/jobs/area-manager-options/,AREA MANAGER – Options,Options,posted,2026-07-08T20:40:10.093667,57.0
02c0dc89095a4eca,https://jobsbotswana.info/jobs/assistant-accountant-sustainable-water-irrigation-and-farming-technologies-swift/,ASSISTANT ACCOUNTANT – Sustainable Water Irrigation and Farming Technologies (SWIFT),Sustainable Water Irrigation and Farming Technologies (SWIFT),posted,2026-07-08T20:40:28.722424,58.0
7d1e0d75e5f9f192,https://jobsbotswana.info/jobs/assistant-business-analyst-mmg-khoemacau/,ASSISTANT BUSINESS ANALYST – MMG Khoemacau,Jobs Botswana,posted,2026-07-08T20:40:47.952531,59.0
7916d6cbe9397246,https://jobsbotswana.info/jobs/assistant-manager-transactional-advisory-grant-thornton-botswana/,ASSISTANT MANAGER – TRANSACTIONAL ADVISORY – Grant Thornton Botswana,Grant Thornton Botswana,posted,2026-07-08T20:41:06.366296,61.0
d808d319d770e04b,https://jobsbotswana.info/jobs/bakery-dispatch-supervisor-bolux-group-pty-ltd/,BAKERY DISPATCH SUPERVISOR – Bolux Group (Pty) Ltd,Bolux Group (Pty) Ltd,posted,2026-07-08T20:41:26.987151,63.0
62be1fdbfec2c25e,https://jobsbotswana.info/jobs/bakery-sales-driver-bolux-group-pty-ltd/,BAKERY SALES DRIVER – Bolux Group (Pty) Ltd,Bolux Group (Pty) Ltd,posted,2026-07-08T20:41:46.273746,65.0
87795fbcc23f7a8f,https://jobsbotswana.info/jobs/beauty-professionals-hair-stylists-barbers-beauty-therapists-nail-technicians-gallio/,"BEAUTY PROFESSIONALS (HAIR STYLISTS, BARBERS, BEAUTY THERAPISTS, NAIL TECHNICIANS) – Gallio",GALLIO,posted,2026-07-08T20:42:04.127258,66.0
56d3d46672843a43,https://jobsbotswana.info/jobs/branch-head-bank-of-baroda-botswana-ltd-2/,BRANCH HEAD – Bank of Baroda (Botswana) Ltd,BANK OF BARODA (BOTSWANA) Ltd,posted,2026-07-08T20:42:21.125951,68.0
d6e606f58b1e8367,https://jobsbotswana.info/jobs/branch-head-bank-of-baroda/,BRANCH HEAD – Bank of Baroda,Bank of Baroda,posted,2026-07-08T20:42:54.121635,70.0
d2e95f32a69df66c,https://jobsbotswana.info/jobs/branch-manager-bayport-financial-services-botswana/,BRANCH MANAGER – Bayport Financial Services Botswana,Bayport Financial Services Botswana,posted,2026-07-08T20:43:14.604153,72.0
16ce285373995c8c,https://jobsbotswana.info/jobs/branch-manager-multotec-2/,BRANCH MANAGER – Multotec,Multotec,posted,2026-07-08T20:43:32.612971,73.0
aeb9ee0a1329ed91,https://jobsbotswana.info/jobs/branch-managers-team-leaders-bayport-financial-services-botswana/,BRANCH MANAGERS & TEAM LEADERS – Bayport Financial Services Botswana,BAYPORT FINANCIAL SERVICES BOTSWANA,posted,2026-07-08T20:43:51.771022,75.0
654bb36ce55c030e,https://jobsbotswana.info/jobs/broiler-farm-manager/,Broiler Farm Manager,Jobs Botswana,posted,2026-07-08T20:44:11.342950,76.0
0ed59e7feada14f2,https://jobsbotswana.info/jobs/business-development-marketing-officer-doves-funeral-parlour/,BUSINESS DEVELOPMENT & MARKETING OFFICER – Doves Funeral Parlour,DOVES FUNERAL PARLOUR,posted,2026-07-08T20:44:29.682710,78.0
f883b01b66c42255,https://jobsbotswana.info/jobs/business-development-officer-pilediwa-training-hr-consultancy/,BUSINESS DEVELOPMENT OFFICER – Pilediwa Training & HR Consultancy,PILEDIWA TRAINING & HR CONSULTANCY,posted,2026-07-08T20:44:48.288535,80.0
1adbab92001721da,https://jobsbotswana.info/jobs/business-development-projects-manager-phi-delta-professional-services-pty-ltd/,BUSINESS DEVELOPMENT & PROJECTS MANAGER – Phi Delta Professional Services Pty Ltd,PHI DELTA PROFESSIONAL SERVICES PTY LTD,posted,2026-07-08T20:45:06.570052,82.0
f5b42411741c2368,https://jobsbotswana.info/jobs/call-centre-agent-emergency-assist-991/,CALL CENTRE AGENT – Emergency Assist 991,EMERGENCY ASSIST 991,posted,2026-07-08T20:45:25.992525,84.0
602f58a5e14cd9d5,https://jobsbotswana.info/jobs/call-centre-team-leader-emergency-assist-991-2/,CALL CENTRE TEAM LEADER – Emergency Assist 991,EMERGENCY ASSIST 991,posted,2026-07-08T20:45:46.390576,86.0
39f1f7d6f061bece,https://jobsbotswana.info/jobs/camp-manager-ace-safaris/,CAMP MANAGER – Ace Safaris,Ace Safaris,posted,2026-07-08T20:46:05.538582,88.0
c43dfad722f7400a,https://jobsbotswana.info/jobs/chef-de-partie-greatplainsconservation/,CHEF DE PARTIE – greatplainsconservation,greatplainsconservation,posted,2026-07-08T20:46:23.208592,90.0
4f0c57fa8e928786,https://jobsbotswana.info/jobs/chef-the-brand-lifestyles/,CHEF – The Brand Lifestyles,The Brand Lifestyles,posted,2026-07-08T20:46:39.399954,91.0
12a8080040aa317b,https://jobsbotswana.info/jobs/chef-trainer-wilderness/,CHEF TRAINER – Wilderness,Wilderness,posted,2026-07-08T20:46:56.217678,92.0
3831c470ab91a815,https://jobsbotswana.info/jobs/chief-executive-officer-ceo-thuto-saccos-2/,CHIEF EXECUTIVE OFFICER (CEO) – Thuto Saccos,THUTO SACCOS,posted,2026-07-08T20:47:18.116235,94.0
aaffe91b01404a3e,https://jobsbotswana.info/jobs/chief-financial-officer-cfo-local-enterprise-authority-lea/,CHIEF FINANCIAL OFFICER (CFO) – Local Enterprise Authority (LEA),Local Enterprise Authority (LEA),posted,2026-07-08T20:47:36.082557,96.0
7fcd12289225684a,https://jobsbotswana.info/jobs/chief-pilot-kalahari-air-services/,CHIEF PILOT – Kalahari Air Services,Kalahari Air Services,posted,2026-07-08T20:47:54.050268,98.0
6aef8d6ae1878982,https://jobsbotswana.info/jobs/chief-risk-officer-finance-and-reinsurance-markets-first-mutual-reinsurance-holdings/,CHIEF RISK OFFICER – FINANCE AND REINSURANCE MARKETS – First Mutual Reinsurance Holdings,First Mutual Reinsurance Holdings,posted,2026-07-08T20:48:14.857833,100.0
4f8068c95be34477,https://jobsbotswana.info/jobs/civil-engineers-swy-botswana-engineering-pty-ltd-2/,CIVIL ENGINEERS – SWY Botswana Engineering (Pty) Ltd,SWY Botswana Engineering (Pty) Ltd,posted,2026-07-08T20:48:35.228736,102.0
ce60ee0cd390401e,https://jobsbotswana.info/jobs/cleaner-itshetseng-saccos-2/,CLEANER – Itshetseng Saccos,ITSHETSENG SACCOS,posted,2026-07-08T20:48:55.688632,104.0
40e0ffd6e05e61dd,https://jobsbotswana.info/jobs/club-cashiers-the-brand-lifestyles/,CLUB CASHIERS – The Brand Lifestyles,The Brand Lifestyles,posted,2026-07-08T20:49:11.271712,105.0
4887978578b15ed1,https://jobsbotswana.info/jobs/college-principal-logan-business-college/,COLLEGE PRINCIPAL – Logan Business College,LOGAN BUSINESS COLLEGE,posted,2026-07-08T20:49:28.939755,107.0
f67ecae1be24cfc3,https://jobsbotswana.info/jobs/combi-driver-staff-transportation/,Combi Driver (Staff Transportation),Jobs Botswana,posted,2026-07-08T20:49:47.649120,108.0
8a166bd269ea4991,https://jobsbotswana.info/jobs/compliance-officer-bposaccos/,COMPLIANCE OFFICER – Bposaccos,BPOSACCOS,posted,2026-07-08T20:50:07.226073,109.0
022477762844a390,https://jobsbotswana.info/jobs/confectionery-supervisor-crown-bakery-pty-ltd/,CONFECTIONERY SUPERVISOR – Crown Bakery (Pty) Ltd,Crown Bakery (Pty) Ltd,posted,2026-07-08T20:50:22.846026,110.0
180455b2f92cc417,https://jobsbotswana.info/jobs/construction-supervisor-mmg-khoemacau-copper-mining/,CONSTRUCTION SUPERVISOR – MMG-Khoemacau Copper Mining,MMG-Khoemacau Copper Mining,posted,2026-07-08T20:50:41.634588,112.0
aad9d2dcbac1d502,https://jobsbotswana.info/jobs/consultant-aids-healthcare-foundation-ahf/,CONSULTANT – AIDS Healthcare Foundation (AHF),AIDS Healthcare Foundation (AHF),posted,2026-07-08T20:50:59.469798,114.0
ee38ec1854529597,https://jobsbotswana.info/jobs/contract-specialist-mmg-khoemacau-copper-mining/,CONTRACT SPECIALIST – MMG-Khoemacau Copper Mining,MMG-Khoemacau Copper Mining,posted,2026-07-08T20:51:19.669615,116.0
1c9e8db63519c9ba,https://jobsbotswana.info/jobs/cook-the-jungle-resort-2/,COOK – The Jungle Resort,The Jungle Resort,posted,2026-07-08T20:51:36.287631,118.0
d06c65f034dd508a,https://jobsbotswana.info/jobs/cook-the-jungle-resort/,COOK – The Jungle Resort,The Jungle Resort,posted,2026-07-08T20:51:55.093045,120.0
79af0270ca3d1b15,https://jobsbotswana.info/jobs/corporate-learning-manager-clm-royal-pioneers-investments-pty-ltd-rpi/,CORPORATE LEARNING MANAGER (CLM) – Royal Pioneers Investments Pty Ltd (RPI),Royal Pioneers Investments Pty Ltd (RPI),posted,2026-07-08T20:52:15.331226,122.0
92b25abe6ff25920,https://jobsbotswana.info/jobs/cost-control-lead-mmg-khoemacau-copper-mining/,COST CONTROL LEAD – MMG-Khoemacau Copper Mining,MMG-Khoemacau Copper Mining,posted,2026-07-08T20:52:33.700359,124.0
1abc5557076dd362,https://jobsbotswana.info/jobs/cost-controller-mmg-khoemacau-copper-mining/,COST CONTROLLER – MMG-Khoemacau Copper Mining,MMG-Khoemacau Copper Mining,posted,2026-07-08T20:52:53.972849,126.0
0fca1cbb8beb70be,https://jobsbotswana.info/jobs/customer-care-fleet-coordinator-androw-car-rental/,CUSTOMER CARE & FLEET COORDINATOR – Androw Car Rental,Androw Car Rental,posted,2026-07-08T20:53:11.531081,128.0
ae7fd90dde3d2b30,https://jobsbotswana.info/jobs/customer-care-fleet-coordinator-androw/,CUSTOMER CARE & FLEET COORDINATOR – Androw,Androw,posted,2026-07-08T20:53:48.109438,130.0
684b387d48bd7a1a,https://jobsbotswana.info/jobs/customer-value-management-cvm-intern-mascom/,CUSTOMER VALUE MANAGEMENT (CVM) INTERN – Mascom,Mascom,posted,2026-07-08T20:54:05.966816,132.0
60bd5079204c0fac,https://jobsbotswana.info/jobs/data-protection-manager-botswana-school-of-business-sciences-bac/,DATA PROTECTION MANAGER – Botswana School of Business Sciences (BAC),Botswana School of Business Sciences (BAC),posted,2026-07-08T20:54:26.858020,134.0
46c170774913f1ff,https://jobsbotswana.info/jobs/data-protection-officer-dpo-thuto-saccos/,DATA PROTECTION OFFICER (DPO) – Thuto SACCOS,Thuto SACCOS,posted,2026-07-08T20:54:47.921641,136.0
c2296dd3bd5d9e27,https://jobsbotswana.info/jobs/data-protection-officer-thuto-saccos-2/,DATA PROTECTION OFFICER – Thuto Saccos,THUTO SACCOS,posted,2026-07-08T20:55:07.871659,138.0
12c7234c7147ab4a,https://jobsbotswana.info/jobs/debtors-collection-supervisor-dbh/,DEBTORS COLLECTION SUPERVISOR – Dbh,DBH,posted,2026-07-08T20:55:25.156171,140.0
50984816c3bf777c,https://jobsbotswana.info/jobs/delivery-riders-zebras-2/,DELIVERY RIDERS – Zebras,Zebras,posted,2026-07-08T20:55:42.990037,142.0
603e2676663678e3,https://jobsbotswana.info/jobs/deputy-general-manager-equipment-maintenance-integration-specialist-huaye-botswana-mining-pty-ltd/,DEPUTY GENERAL MANAGER – EQUIPMENT & MAINTENANCE INTEGRATION SPECIALIST – Huaye Botswana Mining (Pty) Ltd,HUAYE BOTSWANA MINING (PTY) LTD,posted,2026-07-08T20:56:01.900366,144.0
643065cce447acac,https://jobsbotswana.info/jobs/deputy-project-director-mmg-khoemacau-copper-mining/,DEPUTY PROJECT DIRECTOR – MMG-Khoemacau Copper Mining,MMG-Khoemacau Copper Mining,posted,2026-07-08T20:56:22.085356,146.0
2059d8a331a01ad1,https://jobsbotswana.info/jobs/detailer-kinetic-shine/,DETAILER – Kinetic Shine,Kinetic Shine,posted,2026-07-08T20:56:41.546367,148.0
5d43c0ba36eaa44d,https://jobsbotswana.info/jobs/digital-marketing-specialist-tecno-mobile/,Digital Marketing Specialist – TECNO Mobile,Jobs Botswana,posted,2026-07-08T20:57:00.380744,149.0
9c517c12ebeabd62,https://jobsbotswana.info/jobs/digital-sales-lead-commercial-bayport-financial-services-botswana-2/,DIGITAL SALES LEAD – COMMERCIAL – Bayport Financial Services Botswana,BAYPORT FINANCIAL SERVICES BOTSWANA,posted,2026-07-08T20:57:17.889979,151.0
48196f5e495832d8,https://jobsbotswana.info/jobs/digital-social-media-intern-lucara-botswana-pty-ltd/,DIGITAL & SOCIAL MEDIA INTERN – Lucara Botswana (Pty) Ltd,Lucara Botswana (Pty) Ltd,posted,2026-07-08T20:57:38.066531,153.0
887c6644bcee3a15,https://jobsbotswana.info/jobs/digital-social-media-officer-mmg-khoemacau/,DIGITAL & SOCIAL MEDIA OFFICER – MMG Khoemacau,MMG Khoemacau,posted,2026-07-08T20:57:56.139245,154.0
4cb166743610bb8e,https://jobsbotswana.info/jobs/director-operations-milling-and-agri-sales-kgodisofeeds/,DIRECTOR OPERATIONS (MILLING AND AGRI- SALES) – kgodisofeeds,kgodisofeeds,posted,2026-07-08T20:58:12.791421,155.0
4aae4ec51ee22fec,https://jobsbotswana.info/jobs/district-coordinator-gaborone-x1-tebelopele-wellness-center/,DISTRICT COORDINATOR: GABORONE X1 – Tebelopele Wellness Center,Tebelopele Wellness Center,posted,2026-07-08T20:58:31.256577,156.0
1e78ace835f9b4eb,https://jobsbotswana.info/jobs/district-coordinator-tebelopele-wellness-center/,DISTRICT COORDINATOR – Tebelopele Wellness Center,Tebelopele Wellness Center,posted,2026-07-08T20:58:48.008516,157.0
64743c8f1b98c69e,https://jobsbotswana.info/jobs/divisional-operations-manager-choppies-2/,DIVISIONAL OPERATIONS MANAGER – Choppies,Choppies,posted,2026-07-08T20:59:06.654884,159.0
cdbf592f80044663,https://jobsbotswana.info/jobs/driver-messenger-deus-medical-supplies-2/,DRIVER/MESSENGER – DEUS Medical Supplies,DEUS Medical Supplies,posted,2026-07-08T20:59:24.140566,161.0
256e5b29feff6aba,https://jobsbotswana.info/jobs/driver-messenger-deus-medical-supplies/,DRIVER/ MESSENGER – DEUS medical supplies,DEUS medical supplies,posted,2026-07-08T20:59:40.061706,163.0
8faa1070abd02c2f,https://jobsbotswana.info/jobs/electrical-engineer-sharps-electrical-pty-ltd/,ELECTRICAL ENGINEER – Sharps Electrical (Pty) Ltd,Sharps Electrical (Pty) Ltd,posted,2026-07-08T20:59:58.634431,165.0
208c12fad08389e0,https://jobsbotswana.info/jobs/electrical-supervisor-sharps-electrical-pty-ltd/,ELECTRICAL SUPERVISOR – Sharps Electrical (Pty) Ltd,Sharps Electrical (Pty) Ltd,posted,2026-07-08T21:00:16.566022,167.0
8a7984a9b87b3767,https://jobsbotswana.info/jobs/engineer/,Engineer,Jobs Botswana,posted,2026-07-08T21:00:31.100448,168.0
366b3af2b3996c91,https://jobsbotswana.info/jobs/environment-community-manager-xigera-safari-lodge/,ENVIRONMENT & COMMUNITY MANAGER – Xigera Safari Lodge,Xigera Safari Lodge,posted,2026-07-08T21:00:51.223792,170.0
03a668502a15c8f1,https://jobsbotswana.info/jobs/erp-finance-system-specialist-huaye-botswana-mining-pty-ltd/,ERP FINANCE SYSTEM SPECIALIST – Huaye Botswana Mining (Pty) Ltd,HUAYE BOTSWANA MINING (PTY) LTD,posted,2026-07-08T21:01:09.889945,172.0
f276c54879ebe9ac,https://jobsbotswana.info/jobs/estate-agent-entry-level-lifetime-properties/,ESTATE AGENT (ENTRY LEVEL) – Lifetime Properties,LIFETIME PROPERTIES,posted,2026-07-08T21:01:27.161169,174.0
ef4b55b7ccd5b28d,https://jobsbotswana.info/jobs/executive-chef-chobe-marina-lodge/,EXECUTIVE CHEF – Chobe Marina Lodge,Chobe Marina Lodge,posted,2026-07-08T21:01:46.027900,176.0
03697aedda82b7c9,https://jobsbotswana.info/jobs/executive-chef-greatplainsconservation/,EXECUTIVE CHEF – greatplainsconservation,greatplainsconservation,posted,2026-07-08T21:02:03.902028,178.0
2b869206a720a99d,https://jobsbotswana.info/jobs/executive-manager-internal-audit-botswana-tourism-organisation/,EXECUTIVE MANAGER-INTERNAL AUDIT – Botswana Tourism Organisation,Botswana Tourism Organisation,posted,2026-07-08T21:02:22.634109,180.0
6015041f78e92db5,https://jobsbotswana.info/jobs/expeditor-mmg-khoemacau-copper-mining/,EXPEDITOR – MMG-Khoemacau Copper Mining,MMG-Khoemacau Copper Mining,posted,2026-07-08T21:02:42.643390,182.0
dca8d2d9cc99a9be,https://jobsbotswana.info/jobs/external-communications-officer-mmg-khoemacau/,EXTERNAL COMMUNICATIONS OFFICER – MMG Khoemacau,MMG Khoemacau,posted,2026-07-08T21:03:01.028788,183.0
afff24be999370d3,https://jobsbotswana.info/jobs/extra-heavy-duty-driver-guernsey-kgalagadi-freight-pty-ltd-2/,EXTRA HEAVY DUTY DRIVER – Guernsey Kgalagadi Freight (Pty) Ltd,Guernsey Kgalagadi Freight (Pty) Ltd,posted,2026-07-08T21:03:20.920369,184.0
b351ec5a0676bc5f,https://jobsbotswana.info/jobs/farm-assistant-the-jungle-resort/,FARM ASSISTANT – The Jungle Resort,The Jungle Resort,posted,2026-07-08T21:03:37.074761,186.0
b7e1ffdbda73efb5,https://jobsbotswana.info/jobs/farm-worker-cheetah-conservation-botswana-2/,FARM WORKER – Cheetah Conservation Botswana,Cheetah Conservation Botswana,posted,2026-07-08T21:03:55.527108,188.0
9a49b191d156f89c,https://jobsbotswana.info/jobs/farm-workers-brookside-farm-pty-ltd/,FARM WORKERS – Brookside Farm (Pty) Ltd,Brookside Farm (Pty) Ltd,posted,2026-07-08T21:04:14.592513,190.0
548d14b19b2eeff9,https://jobsbotswana.info/jobs/farm-workers-sparkcapital/,FARM WORKERS – sparkcapital,sparkcapital,posted,2026-07-08T21:04:30.351683,191.0
e8c345143d41bc6c,https://jobsbotswana.info/jobs/farm-workers-vet-agric-suppliers-pty-ltd/,FARM WORKERS – Vet Agric Suppliers (Pty) Ltd,VET AGRIC SUPPLIERS (PTY) LTD,posted,2026-07-08T21:04:47.046701,193.0
a0c2a7b0443058f7,https://jobsbotswana.info/jobs/female-driver-intersales-botswana-2/,FEMALE DRIVER – Intersales Botswana,INTERSALES BOTSWANA,posted,2026-07-08T21:05:04.574359,195.0
7a9c544d4a263eb4,https://jobsbotswana.info/jobs/finance-manager-broadway-toyota/,FINANCE MANAGER – Broadway Toyota,Broadway Toyota,posted,2026-07-08T21:05:22.134429,197.0
a4bdfc70bcba3170,https://jobsbotswana.info/jobs/finance-manager-laurelton-diamonds-botswana/,FINANCE MANAGER – Laurelton Diamonds Botswana,Laurelton Diamonds Botswana,posted,2026-07-08T21:05:41.316414,198.0
eeb233a3aeebfaba,https://jobsbotswana.info/jobs/finance-manager-safe-pro-cold-storage-solutions-proprietary-limited/,FINANCE MANAGER – Safe Pro Cold Storage Solutions Proprietary Limited,Safe Pro Cold Storage Solutions Proprietary Limited,posted,2026-07-08T21:06:00.950841,200.0
930ea391b81d0acc,https://jobsbotswana.info/jobs/finance-officer/,Finance Officer,Jobs Botswana,posted,2026-07-08T21:06:18.268317,201.0
3353874f1f69c2aa,https://jobsbotswana.info/jobs/financial-advisor-commission-based-insurance-agent-safeline-marketing-insurance-agency/,FINANCIAL ADVISOR (COMMISSION-BASED INSURANCE AGENT) – Safeline Marketing Insurance Agency,Safeline Marketing Insurance Agency,posted,2026-07-08T21:06:34.626387,203.0
80c8855c8c5ffdb2,https://jobsbotswana.info/jobs/financial-integration-specialist-huaye-botswana-mining-pty-ltd/,FINANCIAL INTEGRATION SPECIALIST – Huaye Botswana Mining (Pty) Ltd,HUAYE BOTSWANA MINING (PTY) LTD,posted,2026-07-08T21:06:56.585595,205.0
8d069a2960f9ee57,https://jobsbotswana.info/jobs/football-team-manager-filano-energy/,FOOTBALL TEAM MANAGER – Filano Energy,Filano Energy,posted,2026-07-08T21:07:14.015210,207.0
0f1d30a31fa35edb,https://jobsbotswana.info/jobs/front-desk-admin-officer-lowapi-study-centre/,FRONT DESK & ADMIN OFFICER – Lowapi Study Centre,Lowapi Study Centre,posted,2026-07-08T21:07:31.834859,209.0
d1aad42c4b3254ea,https://jobsbotswana.info/jobs/fruit-pickers-seasonal-selebi-phikwe-citrus-botswana/,FRUIT PICKERS (SEASONAL) – Selebi Phikwe Citrus (Botswana),Selebi Phikwe Citrus (Botswana),posted,2026-07-08T21:07:52.127693,211.0
41a3f76c3b232fee,https://jobsbotswana.info/jobs/general-manager-corporate-services-motor-vehicle-accident-fund-mva-fund/,GENERAL MANAGER CORPORATE SERVICES – Motor Vehicle Accident Fund (MVA FUND),Motor Vehicle Accident Fund (MVA FUND),posted,2026-07-08T21:08:08.856338,212.0
eae61a8ea997db97,https://jobsbotswana.info/jobs/general-manager-corporate-services-motor-vehicle-accident-fund/,GENERAL MANAGER CORPORATE SERVICES – Motor Vehicle Accident Fund,Motor Vehicle Accident Fund,posted,2026-07-08T21:08:21.806167,212.0
2a80b66fafd03fcd,https://jobsbotswana.info/jobs/general-manager-customer-services-motor-vehicle-accident-fund-mva-fund/,GENERAL MANAGER CUSTOMER SERVICES – Motor Vehicle Accident Fund (MVA FUND),Motor Vehicle Accident Fund (MVA FUND),posted,2026-07-08T21:08:37.670929,213.0
0c0e56740798425e,https://jobsbotswana.info/jobs/general-manager-customer-services-motor-vehicle-accident-fund/,GENERAL MANAGER CUSTOMER SERVICES – Motor Vehicle Accident Fund,Motor Vehicle Accident Fund,posted,2026-07-08T21:08:55.909958,215.0
1eec1974c8bfae36,https://jobsbotswana.info/jobs/general-manager-east-and-central-africa-first-mutual-reinsurance-holdings/,GENERAL MANAGER – EAST AND CENTRAL AFRICA – First Mutual Reinsurance Holdings,First Mutual Reinsurance Holdings,posted,2026-07-08T21:09:14.519079,217.0
182f0ef17bc40dd4,https://jobsbotswana.info/jobs/general-manager-gainville-ptyltd/,GENERAL MANAGER – Gainville (Pty)Ltd,Gainville (Pty)Ltd,posted,2026-07-08T21:09:31.907693,219.0
598ebe6afdb0fe0b,https://jobsbotswana.info/jobs/general-manager-wildernessdestinations/,GENERAL MANAGER – wildernessdestinations,wildernessdestinations,posted,2026-07-08T21:09:53.009704,220.0
940b8e1925df794e,https://jobsbotswana.info/jobs/general-practitioner/,GENERAL PRACTITIONER – Maun Private Hospital,Jobs Botswana,posted,2026-07-08T21:10:07.987385,221.0
a18fdc3d91f8731b,https://jobsbotswana.info/jobs/grader-operators-liftoff-investments-pty-ltd/,GRADER OPERATORS – Liftoff Investments (Pty) Ltd,LIFTOFF INVESTMENTS (PTY) LTD,posted,2026-07-08T21:10:25.524860,223.0
0193c85ddd3566cd,https://jobsbotswana.info/jobs/graduate-engineers-liftoff-investments-pty-ltd/,GRADUATE ENGINEERS – Liftoff Investments (Pty) Ltd,LIFTOFF INVESTMENTS (PTY) LTD,posted,2026-07-08T21:10:43.116371,225.0
0ba57666753ded0c,https://jobsbotswana.info/jobs/head-credit-monitoring-bank-of-baroda-botswana-ltd/,HEAD CREDIT MONITORING – Bank of Baroda (Botswana) Ltd,BANK OF BARODA (BOTSWANA) LTD,posted,2026-07-08T21:11:01.208341,227.0
de0ac64942afafda,https://jobsbotswana.info/jobs/headcoach-youngstars-football-club/,HEADCOACH – Youngstars Football Club,Youngstars Football Club,posted,2026-07-08T21:11:19.834228,229.0
dd564b5bbc99babf,https://jobsbotswana.info/jobs/high-school-teacher-kopano-school/,HIGH SCHOOL TEACHER – Kopano School,Kopano School,posted,2026-07-08T21:11:37.621658,231.0
3c800a670f19e1a3,https://jobsbotswana.info/jobs/horse-safari-assistant-manager-and-mechanic-maintenance-manager-can-be-couple-or-two-singles/,Horse Safari Assistant Manager and Mechanic/ Maintenance Manager can be couple or two singles,Jobs Botswana,posted,2026-07-08T21:11:53.549468,232.0
c46e818e5c720775,https://jobsbotswana.info/jobs/hospitality-trainer-desert-delta-safaris-2/,HOSPITALITY TRAINER – Desert & Delta Safaris,Desert & Delta Safaris,posted,2026-07-08T21:12:13.317094,234.0
5e96e8f9b2706169,https://jobsbotswana.info/jobs/housekeeping-assistant-cleaner-haven-city-medical-clinic-2/,HOUSEKEEPING ASSISTANT (CLEANER) – Haven City Medical Clinic,HAVEN CITY MEDICAL CLINIC,posted,2026-07-08T21:12:29.603362,236.0
02d8766570495929,https://jobsbotswana.info/jobs/hq-intergration-support-manager-huaye-botswana-mining-pty-ltd/,HQ INTERGRATION SUPPORT MANAGER – Huaye Botswana Mining (Pty) Ltd,HUAYE BOTSWANA MINING (PTY) LTD,posted,2026-07-08T21:12:48.220878,238.0
2924110b836432c9,https://jobsbotswana.info/jobs/hr-integration-specialist-huaye-botswana-mining-pty-ltd/,HR INTEGRATION SPECIALIST – Huaye Botswana Mining (Pty) Ltd,HUAYE BOTSWANA MINING (PTY) LTD,posted,2026-07-08T21:13:05.328487,240.0
9de22d21d808a4f5,https://jobsbotswana.info/jobs/hse-supervisor-mmg-khoemacau-copper-mining/,HSE SUPERVISOR – MMG-Khoemacau Copper Mining,MMG-Khoemacau Copper Mining,posted,2026-07-08T21:13:25.386858,242.0
7464e694d954b3d3,https://jobsbotswana.info/jobs/human-resource-officer-2/,HUMAN RESOURCE OFFICER,Jobs Botswana,posted,2026-07-08T21:13:42.905118,243.0
eb6d716174768db3,https://jobsbotswana.info/jobs/human-resource-officer/,Human Resource Officer,Jobs Botswana,posted,2026-07-08T21:13:57.699624,243.0
d52ad982ab6cce0f,https://jobsbotswana.info/jobs/human-resources-hr-intern-lidoma-m/,HUMAN RESOURCES (HR) INTERN – Lidoma M.,Lidoma M.,posted,2026-07-08T21:14:15.992427,245.0
a9ae0528a65f1341,https://jobsbotswana.info/jobs/human-resources-manager-cell-city/,HUMAN RESOURCES MANAGER – Cell City,Cell City,posted,2026-07-08T21:14:37.194361,247.0
c54e83b2614eb0f7,https://jobsbotswana.info/jobs/impact-insights-officer/,Impact & Insights Officer,Jobs Botswana,posted,2026-07-08T21:14:56.252313,248.0
a5f8d856e7251d7c,https://jobsbotswana.info/jobs/improvement-engineer-mmg-khoemacau/,IMPROVEMENT ENGINEER – MMG Khoemacau,MMG,posted,2026-07-08T21:15:15.358403,249.0
21c7d29888b5abd5,https://jobsbotswana.info/jobs/integrated-strategy-manager-mmg-khoemacau-copper-mining/,INTEGRATED STRATEGY MANAGER – MMG-Khoemacau Copper Mining,MMG-Khoemacau Copper Mining,posted,2026-07-08T21:15:36.396165,251.0
0db7cf8ef724bcd8,https://jobsbotswana.info/jobs/interior-designer-the-grand-loft/,INTERIOR DESIGNER – The Grand Loft,THE GRAND LOFT,posted,2026-07-08T21:15:52.394228,253.0
54bc280bbdc25c4e,https://jobsbotswana.info/jobs/internship-videography-livestreaming-graphic-design-content-creation-software-engineering-multimedia-onslot-engineering-pty-ltd-onslot-leds/,"INTERNSHIP – VIDEOGRAPHY/LIVESTREAMING, GRAPHIC DESIGN/CONTENT CREATION & SOFTWARE ENGINEERING-MULTIMEDIA – Onslot Engineering (Pty) Ltd (Onslot LEDs)",Onslot Engineering (Pty) Ltd (Onslot LEDs),posted,2026-07-08T21:16:09.487528,255.0
74469a693f06ae41,https://jobsbotswana.info/jobs/interpreter-huaye-botswana-mining-pty-ltd-2/,INTERPRETER – Huaye Botswana Mining (Pty) Ltd,HUAYE BOTSWANA MINING (PTY) LTD,posted,2026-07-08T21:16:26.445708,257.0
4ac44229dc449531,https://jobsbotswana.info/jobs/inventory-procurement-officer-multotec/,INVENTORY & PROCUREMENT OFFICER – Multotec,MULTOTEC,posted,2026-07-08T21:16:43.250718,258.0
558ece5b10bb41e8,https://jobsbotswana.info/jobs/invitation-to-apply-for-customs-clearing-agent-license-botswana-unified-revenue-service-burs/,INVITATION TO APPLY FOR CUSTOMS CLEARING AGENT LICENSE – Botswana Unified Revenue Service (BURS),Botswana Unified Revenue Service (BURS),posted,2026-07-08T21:16:59.686332,259.0
a9da55baeb1b23e3,https://jobsbotswana.info/jobs/lady-driver-wanted-apex-hub/,LADY DRIVER WANTED – Apex Hub,Jobs Botswana,posted,2026-07-08T21:17:16.723426,260.0
adbc0ae14749fc1a,https://jobsbotswana.info/jobs/launch-your-career-with-us-letshego-bank/,LAUNCH YOUR CAREER WITH US – Letshego Bank,Letshego Bank,posted,2026-07-08T21:17:33.889787,262.0
9cab1f5b19279dff,https://jobsbotswana.info/jobs/launch-your-career-with-us-temporal-and-internship-opportunities-2026-fixed-term-and-internships-letshego-bank/,LAUNCH YOUR CAREER WITH US TEMPORAL AND INTERNSHIP OPPORTUNITIES 2026 FIXED TERM AND INTERNSHIPS – Letshego Bank,Letshego Bank,posted,2026-07-08T21:17:49.955140,264.0
8f82b58aa60e9e65,https://jobsbotswana.info/jobs/lecturers-nampol-college-of-education/,LECTURERS – Nampol College of Education,NAMPOL COLLEGE OF EDUCATION,posted,2026-07-08T21:18:11.367227,266.0
9a48ce72576489df,https://jobsbotswana.info/jobs/legal-counsel-mmg-khoemacau/,LEGAL COUNSEL – MMG Khoemacau,MMG Khoemacau,posted,2026-07-08T21:18:30.445745,267.0
2b63d22147ebdc49,https://jobsbotswana.info/jobs/legal-integration-specialist-huaye-botswana-mining-pty-ltd/,LEGAL INTEGRATION SPECIALIST – Huaye Botswana Mining (Pty) Ltd,HUAYE BOTSWANA MINING (PTY) LTD,posted,2026-07-08T21:18:48.775341,269.0
7467f45e90a9b2ad,https://jobsbotswana.info/jobs/machine-setter-injection-moulding-chloride-exide-botswana/,Machine Setter (Injection Moulding) – Chloride Exide Botswana,Jobs Botswana,posted,2026-07-08T21:19:04.359455,270.0
2e793ee9eb23e886,https://jobsbotswana.info/jobs/maintenance-supervisor-mmg-khoemacau-copper-mining/,MAINTENANCE SUPERVISOR – MMG-Khoemacau Copper Mining,MMG-Khoemacau Copper Mining,posted,2026-07-08T21:19:23.176788,272.0
4c02a1d0126a3a57,https://jobsbotswana.info/jobs/managing-director-project-integration-specialist-huaye-botswana-mining-pty-ltd/,MANAGING DIRECTOR – PROJECT INTEGRATION SPECIALIST – Huaye Botswana Mining (Pty) Ltd,HUAYE BOTSWANA MINING (PTY) LTD,posted,2026-07-08T21:19:42.160587,274.0
4772f76a42088295,https://jobsbotswana.info/jobs/managing-director-project-specialist-huaye-botswana-mining-pty-ltd/,MANAGING DIRECTOR – PROJECT SPECIALIST – Huaye Botswana Mining (Pty) Ltd,HUAYE BOTSWANA MINING (PTY) LTD,posted,2026-07-08T21:20:01.565235,276.0
b5595f5664964238,https://jobsbotswana.info/jobs/managing-partner-audit-assurance-hlb-botswana-2/,MANAGING PARTNER – AUDIT & ASSURANCE – HLB Botswana,HLB Botswana,posted,2026-07-08T21:20:21.004386,278.0
3e1bd4b42423fe96,https://jobsbotswana.info/jobs/marketing-exec-naties-media-investments/,MARKETING EXEC – Naties Media Investments,NATIES MEDIA INVESTMENTS,posted,2026-07-08T21:20:38.840031,280.0
046947605a106d86,https://jobsbotswana.info/jobs/marketing-manager-stanbic-bank-gaborone-golf-club/,MARKETING MANAGER – Stanbic Bank Gaborone Golf Club,Jobs Botswana,posted,2026-07-08T21:20:55.525455,281.0
3f91942656c4ffc3,https://jobsbotswana.info/jobs/mathematics-physics-tutor-quick-minds-academy/,MATHEMATICS & PHYSICS TUTOR – Quick Minds Academy,QUICK MINDS ACADEMY,posted,2026-07-08T21:21:12.420976,283.0
8adb2ad3041a0b67,https://jobsbotswana.info/jobs/mine-production-superintendent-mmg-khoemacau-copper-mining/,MINE PRODUCTION SUPERINTENDENT – MMG-Khoemacau Copper Mining,MMG-Khoemacau Copper Mining,posted,2026-07-08T21:21:31.883440,285.0
38e30ae6ed3c517a,https://jobsbotswana.info/jobs/mine-project-shift-supervisors-new/,Mine project shift supervisors New,Jobs Botswana,posted,2026-07-08T21:21:47.783736,286.0
559d196da31cc227,https://jobsbotswana.info/jobs/mine-project-shift-supervisors/,Mine project shift supervisors,Jobs Botswana,posted,2026-07-08T21:22:05.403599,287.0
20f94439f2fb662b,https://jobsbotswana.info/jobs/mine-technology-superintendent-huaye-botswana-mining-pty-ltd/,MINE TECHNOLOGY SUPERINTENDENT – Huaye Botswana Mining (Pty) Ltd,HUAYE BOTSWANA MINING (PTY) LTD,posted,2026-07-08T21:22:22.924215,289.0
34918079e6351dba,https://jobsbotswana.info/jobs/mining-contract-manager-mmg-khoemacau-copper-mining/,MINING CONTRACT MANAGER – MMG-Khoemacau Copper Mining,MMG-Khoemacau Copper Mining,posted,2026-07-08T21:22:43.060515,291.0
8e9d1bba71c5d95c,https://jobsbotswana.info/jobs/mining-solutions-engineer-high-revolution-pty-ltd/,MINING SOLUTIONS ENGINEER – High Revolution (Pty) Ltd,High Revolution (Pty) Ltd,posted,2026-07-08T21:23:03.698899,293.0
24a28bf4d52d0e3d,https://jobsbotswana.info/jobs/mixologist-the-brand-lifestyles/,MIXOLOGIST – The Brand Lifestyles,The Brand Lifestyles,posted,2026-07-08T21:23:20.188456,294.0
df718c72621daa6c,https://jobsbotswana.info/jobs/motor-dealer-operations-manager-ntt/,MOTOR DEALER OPERATIONS MANAGER – Ntt,NTT,posted,2026-07-08T21:23:37.176410,296.0
41018a7a07a32b53,https://jobsbotswana.info/jobs/multiple-network-telecommunications-vacancies-9-positions-afroegypt-engineering-pty-ltd/,MULTIPLE NETWORK & TELECOMMUNICATIONS VACANCIES (9 POSITIONS) – AfroEgypt Engineering (Pty) Ltd,AfroEgypt Engineering (Pty) Ltd,posted,2026-07-08T21:23:52.385557,297.0
eaff409ec05d139b,https://jobsbotswana.info/jobs/multiple-vacancies-creative-compound/,MULTIPLE VACANCIES – Creative Compound,Creative Compound,posted,2026-07-08T21:24:08.345833,299.0
6842be726b0c7733,https://jobsbotswana.info/jobs/multiple-vacancies-engineers-managers-directors-chef-positions-unik-construction-engineering-pty-ltd/,"MULTIPLE VACANCIES – ENGINEERS, MANAGERS, DIRECTORS & CHEF POSITIONS – Unik Construction Engineering (Pty) Ltd",Unik Construction Engineering (Pty) Ltd,posted,2026-07-08T21:24:29.745291,301.0
26b4c1ec9bbf0621,https://jobsbotswana.info/jobs/nationwide-field-agents-ecobiz/,NATIONWIDE FIELD AGENTS – Ecobiz,Ecobiz,posted,2026-07-08T21:24:47.311475,303.0
6279b494e07a75d8,https://jobsbotswana.info/jobs/non-executive-director-liberty-life-botswana/,NON-EXECUTIVE DIRECTOR – Liberty Life Botswana,Liberty Life Botswana,posted,2026-07-08T21:25:05.480093,304.0
db07da26238f7b18,https://jobsbotswana.info/jobs/nurse-aide-healthcare-assistant-life-gaborone-private-hospital/,NURSE AIDE/HEALTHCARE ASSISTANT – Life Gaborone Private Hospital,Life Gaborone Private Hospital,posted,2026-07-08T21:25:25.454156,306.0
a02b8bb07ba6b1d3,https://jobsbotswana.info/jobs/office-administrator-bokamoso-educational-academy/,OFFICE ADMINISTRATOR – Bokamoso Educational Academy,Bokamoso Educational Academy,posted,2026-07-08T21:25:42.504623,307.0
3320c5e1ad21172c,https://jobsbotswana.info/jobs/office-administrator-curriculum-coordinator/,Office Administrator & Curriculum Coordinator,Jobs Botswana,posted,2026-07-08T21:25:59.464012,308.0
d074a6c3f9589519,https://jobsbotswana.info/jobs/office-assistant-botswana-teachers-savings-and-credit-cooperative-society/,OFFICE ASSISTANT – Botswana Teachers Savings and Credit Cooperative Society,Botswana Teachers Savings and Credit Cooperative Society,posted,2026-07-08T21:26:16.202008,309.0
91efe59f11d68221,https://jobsbotswana.info/jobs/officer-cadet-botswana-defence-force-2/,OFFICER CADET – Botswana Defence Force,Botswana Defence Force,posted,2026-07-08T21:26:37.869381,311.0
1ee2834635c8cc4c,https://jobsbotswana.info/jobs/operational-risk-manager-letshego-financial-services-botswana/,OPERATIONAL RISK MANAGER – Letshego Financial Services Botswana,Letshego Financial Services Botswana,posted,2026-07-08T21:26:58.530545,313.0
6f9b891c1240098f,https://jobsbotswana.info/jobs/operations-assistant-woo-international-skills-development-assessment-academy-2/,OPERATIONS ASSISTANT – Woo International Skills Development & Assessment Academy,Woo International Skills Development & Assessment Academy,posted,2026-07-08T21:27:21.335712,315.0
652a99e6061ce7be,https://jobsbotswana.info/jobs/operations-director-builders-mart-botswana/,OPERATIONS DIRECTOR – Builders Mart Botswana,Builders Mart Botswana,posted,2026-07-08T21:27:40.529789,316.0
cfae33003eb331c4,https://jobsbotswana.info/jobs/operations-logistics-manager-choppies/,OPERATIONS LOGISTICS MANAGER – Choppies,Choppies,posted,2026-07-08T21:27:58.318979,318.0
2c4675566851ebe5,https://jobsbotswana.info/jobs/operations-manager-extreme-electrix-pty-ltd/,OPERATIONS MANAGER – Extreme Electrix (Pty) Ltd,Extreme Electrix (Pty) Ltd,posted,2026-07-08T21:28:34.015649,319.0
0adc755332295085,https://jobsbotswana.info/jobs/operations-manager-lion-park-resort/,OPERATIONS MANAGER – Lion Park Resort,Lion Park Resort,posted,2026-07-08T21:28:53.727514,321.0
cb8ae4f23d124e51,https://jobsbotswana.info/jobs/operations-manager-maya-enterprises-pty-ltd/,OPERATIONS MANAGER – Maya Enterprises (Pty) Ltd,Maya Enterprises (Pty) Ltd,posted,2026-07-08T21:29:12.419998,322.0
ef73966f76787f65,https://jobsbotswana.info/jobs/operations-manager-peacock-blue-pty-ltd-2/,OPERATIONS MANAGER – Peacock Blue Pty Ltd,Peacock Blue Pty Ltd,posted,2026-07-08T21:29:31.564438,324.0
3ab66288bf241676,https://jobsbotswana.info/jobs/optometrist-optician-opticals-botswana/,OPTOMETRIST/OPTICIAN – Opticals Botswana,OPTICALS BOTSWANA,posted,2026-07-08T21:29:46.596737,326.0
2fc60ea17bac8a5b,https://jobsbotswana.info/jobs/part-time-admin-and-marketing-assistant-2/,Part-Time Virtual Admin and Marketing Assistant (Remote),Jobs Botswana,posted,2026-07-08T21:30:03.649915,327.0
301de178ba515dfb,https://jobsbotswana.info/jobs/part-time-clinical-instructors-general-nursing-9-posts-institute-of-health-sciences-francistown/,PART-TIME CLINICAL INSTRUCTORS – GENERAL NURSING 9 POSTS – Institute of Health Sciences-Francistown,Institute of Health Sciences-Francistown,posted,2026-07-08T21:30:21.926924,329.0
ebde94e7a5f41299,https://jobsbotswana.info/jobs/part-time-information-systems-project-supervisors-botswana-open-university/,PART-TIME INFORMATION SYSTEMS PROJECT SUPERVISORS – Botswana Open University,Botswana Open University,posted,2026-07-08T21:30:38.676315,330.0
7e672915c9d0d379,https://jobsbotswana.info/jobs/part-time-laboratory-demonstrators-botswana-open-university/,PART-TIME LABORATORY DEMONSTRATORS – Botswana Open University,Botswana Open University,posted,2026-07-08T21:30:56.083382,331.0
91eb57b235b80681,https://jobsbotswana.info/jobs/part-time-tutors-b-ed-special-inclusive-education-botswana-open-university/,PART-TIME TUTORS – B.ED SPECIAL & INCLUSIVE EDUCATION – Botswana Open University,Botswana Open University,posted,2026-07-08T21:31:14.167454,332.0
94c4989966d0a645,https://jobsbotswana.info/jobs/part-time-tutors-botswana-open-university/,PART-TIME TUTORS – Botswana Open University,Botswana Open University,posted,2026-07-08T21:31:30.449565,333.0
f6f5c6ecc09d55a7,https://jobsbotswana.info/jobs/phlebotomist-polaris-labs/,PHLEBOTOMIST – Polaris Labs,POLARIS LABS,posted,2026-07-08T21:31:45.067176,334.0
66f158829648b89a,https://jobsbotswana.info/jobs/plant-bakery-technician-crown-bakery-pty-ltd/,PLANT BAKERY TECHNICIAN – Crown Bakery (Pty) Ltd,Crown Bakery (Pty) Ltd,posted,2026-07-08T21:32:00.563962,335.0
7e18046ac440f5ca,https://jobsbotswana.info/jobs/plant-supervisor-injection-moulding-chloride-exide-botswana/,Plant Supervisor (Injection Moulding) – Chloride Exide Botswana,Jobs Botswana,posted,2026-07-08T21:32:16.552020,336.0
32f0336b1dffba83,https://jobsbotswana.info/jobs/plastic-welder-mp-mining/,PLASTIC WELDER – MP Mining,Jobs Botswana,posted,2026-07-08T21:32:31.730777,337.0
c408a6c89ad70af3,https://jobsbotswana.info/jobs/processing-engineer-mmg-khoemacau/,PROCESSING ENGINEER – MMG Khoemacau,Jobs Botswana,posted,2026-07-08T21:32:54.097339,338.0
d6020abd97965cf3,https://jobsbotswana.info/jobs/procurement-contract-manager-altgen-botswana/,PROCUREMENT CONTRACT MANAGER – Altgen Botswana,ALTGEN BOTSWANA,posted,2026-07-08T21:33:09.506974,340.0
e2f951efe6d59334,https://jobsbotswana.info/jobs/procurement-oversight-manager-botswana-digital-innovation-hub/,PROCUREMENT OVERSIGHT MANAGER – Botswana Digital & Innovation Hub,Botswana Digital & Innovation Hub,posted,2026-07-08T21:33:27.865132,342.0
035030467855166e,https://jobsbotswana.info/jobs/procurement-oversight-manager-permanent-botswana-digital-innovation-hub/,PROCUREMENT OVERSIGHT MANAGER (PERMANENT) – Botswana Digital & Innovation Hub,Botswana Digital & Innovation Hub,posted,2026-07-08T21:33:48.670909,344.0
259fe9a3348c856b,https://jobsbotswana.info/jobs/procurement-oversight-specialist-botswana-teaching-professionals-council-botepco/,PROCUREMENT OVERSIGHT SPECIALIST – Botswana Teaching Professionals Council (BOTEPCO),Botswana Teaching Professionals Council (BOTEPCO),posted,2026-07-08T21:34:07.762571,346.0
7a2a9ca16f242491,https://jobsbotswana.info/jobs/procurement-oversight-specialist-tendering-adjudication-engineering-professionals-botswana-unified-revenue-service-burs/,PROCUREMENT OVERSIGHT SPECIALIST – TENDERING & ADJUDICATION – ENGINEERING PROFESSIONALS – Botswana Unified Revenue Service (BURS),Botswana Unified Revenue Service (BURS),posted,2026-07-08T21:34:22.661446,347.0
b18332c15bae4276,https://jobsbotswana.info/jobs/product-owner-bancassurance-letshego-financial-services-botswana/,PRODUCT OWNER: BANCASSURANCE – Letshego Financial Services Botswana,Letshego Financial Services Botswana,posted,2026-07-08T21:34:43.041935,349.0
f56ed9abe5fce6ca,https://jobsbotswana.info/jobs/production-manager-crown-bakery-pty-ltd/,PRODUCTION MANAGER – Crown Bakery (Pty) Ltd,Crown Bakery (Pty) Ltd,posted,2026-07-08T21:34:58.744198,350.0
5111e52026805a64,https://jobsbotswana.info/jobs/production-officer-national-agro-processing/,PRODUCTION OFFICER – National Agro Processing,National Agro Processing,posted,2026-07-08T21:35:20.408254,352.0
ede1475dcffbdd14,https://jobsbotswana.info/jobs/professional-barber-fish-cuts-premier-barber/,PROFESSIONAL BARBER – Fish Cuts Premier Barber,Fish Cuts Premier Barber,posted,2026-07-08T21:35:35.906520,353.0
318efbfcbfa6db46,https://jobsbotswana.info/jobs/programmes-manager-strategic-projects-transformation-national-development-bank-ndb/,PROGRAMMES MANAGER — STRATEGIC PROJECTS & TRANSFORMATION – National Development Bank (NDB),National Development Bank (NDB),posted,2026-07-08T21:35:53.296563,354.0
bc8cd9e77fdd44fc,https://jobsbotswana.info/jobs/project-assistant-communication-officer-in-international-organisation/,PROJECT ASSISTANT/COMMUNICATION OFFICER IN INTERNATIONAL ORGANISATION,Jobs Botswana,posted,2026-07-08T21:36:09.895640,355.0
d808be5c43633e9a,https://jobsbotswana.info/jobs/project-budget-cost-integration-specialist-huaye-botswana-mining-pty-ltd/,PROJECT BUDGET & COST INTEGRATION SPECIALIST – Huaye Botswana Mining (Pty) Ltd,HUAYE BOTSWANA MINING (PTY) LTD,posted,2026-07-08T21:36:28.354740,357.0
7412b44c9030fadc,https://jobsbotswana.info/jobs/project-manager-liftoff-investments-pty-ltd/,PROJECT MANAGER – Liftoff Investments (Pty) Ltd,LIFTOFF INVESTMENTS (PTY) LTD,posted,2026-07-08T21:36:45.981867,359.0
c0956271080682cc,https://jobsbotswana.info/jobs/project-manager-road-and-bridge-unik-construction-engineering-pty-ltd/,PROJECT MANAGER (ROAD AND BRIDGE) – Unik Construction Engineering (Pty) Ltd,UNIK CONSTRUCTION ENGINEERING (Pty) LTD,posted,2026-07-08T21:37:01.802011,361.0
455dbbddf2ccca3e,https://jobsbotswana.info/jobs/project-managers-engineering-managers-various-construction-roles-china-civil-engineering-construction-botswana-pty-ltd/,"PROJECT MANAGERS, ENGINEERING MANAGERS & VARIOUS CONSTRUCTION ROLES – China Civil Engineering Construction (Botswana) (Pty) Ltd",CHINA CIVIL ENGINEERING CONSTRUCTION (BOTSWANA) (PTY) LTD,posted,2026-07-08T21:37:18.246552,362.0
98e99c10b2321c11,https://jobsbotswana.info/jobs/project-technical-service-manager-mmg-khoemacau-copper-mining/,PROJECT TECHNICAL SERVICE MANAGER – MMG-Khoemacau Copper Mining,MMG-Khoemacau Copper Mining,posted,2026-07-08T21:37:37.787552,364.0
70c1677e0742ade8,https://jobsbotswana.info/jobs/projects-and-assets-manager-wilderness/,PROJECTS AND ASSETS MANAGER – Wilderness,Wilderness,posted,2026-07-08T21:37:55.121945,365.0
c60f9313b2b03aed,https://jobsbotswana.info/jobs/property-manager-estate-property-pty-ltd/,PROPERTY MANAGER – Estate Property (Pty) Ltd,Estate Property (Pty) Ltd,posted,2026-07-08T21:38:13.496659,366.0
8e05d7a832d127ed,https://jobsbotswana.info/jobs/quality-assurance-manager-portfolio-pharmaceuticals-botswana-pty-ltd/,QUALITY ASSURANCE MANAGER – Portfolio Pharmaceuticals Botswana (Pty) Ltd,PORTFOLIO PHARMACEUTICALS BOTSWANA (PTY) LTD,posted,2026-07-08T21:38:33.433561,368.0
e72dc6218a524332,https://jobsbotswana.info/jobs/quality-control-officer/,Quality Control Officer – Nutri Feeds Botswana,Jobs Botswana,posted,2026-07-08T21:38:50.433880,369.0
faaf84887ab47f9c,https://jobsbotswana.info/jobs/quantity-surveyor-lead-mmg-khoemacau-copper-mining/,QUANTITY SURVEYOR LEAD – MMG-Khoemacau Copper Mining,MMG-Khoemacau Copper Mining,posted,2026-07-08T21:39:11.710786,371.0
233ad7c70d2c110c,https://jobsbotswana.info/jobs/ranger-the-jungle-resort/,RANGER – The Jungle Resort,The Jungle Resort,posted,2026-07-08T21:39:28.192989,373.0
17d9928bbd2fbb91,https://jobsbotswana.info/jobs/restaurant-manager-clear-options-pty-ltd/,RESTAURANT MANAGER – Clear Options (Pty) Ltd,Clear Options (Pty) Ltd,posted,2026-07-08T21:39:44.492860,375.0
3776c7920e50d202,https://jobsbotswana.info/jobs/revenue-assurance-officer-re-advertisement/,Revenue Assurance Officer (Re advertisement),Jobs Botswana,posted,2026-07-08T21:40:02.317188,376.0
d052b135e5c87d84,https://jobsbotswana.info/jobs/rigger-tataki-mining-2/,RIGGER – Tataki Mining,TATAKI MINING,posted,2026-07-08T21:40:22.427422,378.0
61428f79450fbca6,https://jobsbotswana.info/jobs/sales-agent-dream-makers-productions/,SALES AGENT – Dream Makers Productions,Dream Makers Productions,posted,2026-07-08T21:40:37.509945,379.0
1ca37413281fd871,https://jobsbotswana.info/jobs/sales-agents-competence-life-pty-ltd/,SALES AGENTS – Competence Life (Pty) Ltd,COMPETENCE LIFE (PTY) LTD,posted,2026-07-08T21:40:55.015569,381.0
eb0b6e0ac39ada06,https://jobsbotswana.info/jobs/sales-agents-housekeeper-excella-guesthouse/,SALES AGENTS & HOUSEKEEPER – Excella Guesthouse,Excella Guesthouse,posted,2026-07-08T21:41:09.619056,382.0
3277d38e96209949,https://jobsbotswana.info/jobs/sales-agents-the-cpd-centre/,SALES AGENTS – The Cpd Centre,THE CPD CENTRE,posted,2026-07-08T21:41:25.437924,383.0
cab7aa7ba7fd40b0,https://jobsbotswana.info/jobs/sales-coordinator-nagpal-holdings/,SALES COORDINATOR – Nagpal Holdings,Nagpal Holdings,posted,2026-07-08T21:41:44.132766,385.0
d2ca9d3e02c016c0,https://jobsbotswana.info/jobs/sales-director-kgalagadi-breweries-ltd/,SALES DIRECTOR – Kgalagadi Breweries Ltd,Kgalagadi Breweries Ltd,posted,2026-07-08T21:42:04.649135,387.0
4ec3e60bd1103359,https://jobsbotswana.info/jobs/sales-lady-simsagas/,SALES LADY – Simsagas,SIMSAGAS,posted,2026-07-08T21:42:21.485414,389.0
b22d3130613f54d7,https://jobsbotswana.info/jobs/sales-manager-and-sales-representatives-ry-agri-botswana/,SALES MANAGER and SALES REPRESENTATIVES – RY AGRI Botswana,Jobs Botswana,posted,2026-07-08T21:42:37.096090,390.0
d5e8c2c62536343a,https://jobsbotswana.info/jobs/sales-marketing-manager-alpha-direct-insurance-co/,SALES & MARKETING MANAGER – Alpha Direct Insurance Co.,Alpha Direct Insurance Co.,posted,2026-07-08T21:42:56.169747,392.0
9403a98f473697f5,https://jobsbotswana.info/jobs/sales-representative-3/,Sales Representative,Jobs Botswana,posted,2026-07-08T21:43:12.680342,393.0
960fba7347034ec1,https://jobsbotswana.info/jobs/sales-representative-readvertisement/,Sales Representative (readvertisement),Jobs Botswana,posted,2026-07-08T21:43:28.735000,394.0
005a628fdd7d9ee0,https://jobsbotswana.info/jobs/sales-representative-western-apparels-pty-ltd-2/,SALES REPRESENTATIVE – Western Apparels (Pty) Ltd,Western Apparels (Pty) Ltd,posted,2026-07-08T21:43:45.764340,396.0
b5bd5c50d705280e,https://jobsbotswana.info/jobs/secondary-school-teachers-chemistry-mathematics-english-language-and-literature-clifton-college/,"SECONDARY SCHOOL TEACHERS (CHEMISTRY, MATHEMATICS, ENGLISH LANGUAGE AND LITERATURE) – Clifton College",Clifton College,posted,2026-07-08T21:44:05.524245,398.0
5f59fe8cbd63cbf0,https://jobsbotswana.info/jobs/security-guards-x77-positions-and-relievers-x18-positions-rainbow-colours-security/,SECURITY GUARDS (X77 POSITIONS) AND RELIEVERS (X18 POSITIONS) – Rainbow Colours Security,Rainbow Colours Security,posted,2026-07-08T21:44:25.289633,400.0
720c3d41fa105ee9,https://jobsbotswana.info/jobs/security-manager-rainbow-colours-security/,SECURITY MANAGER – Rainbow Colours Security,Rainbow Colours Security,posted,2026-07-08T21:44:43.694308,402.0
de1d47c6635d4d03,https://jobsbotswana.info/jobs/security-supervisors-rainbow-colours-security/,SECURITY SUPERVISORS – Rainbow Colours Security,Rainbow Colours Security,posted,2026-07-08T21:45:02.874950,404.0
e6f827ab6a339091,https://jobsbotswana.info/jobs/senior-accountant-mp-mining/,Senior Accountant – MP Mining,Jobs Botswana,posted,2026-07-08T21:45:18.550861,405.0
af92dc39c1598768,https://jobsbotswana.info/jobs/senior-chinese-chef-mmg-khoemacau-copper-mining/,SENIOR CHINESE CHEF – MMG-Khoemacau Copper Mining,MMG-Khoemacau Copper Mining,posted,2026-07-08T21:45:39.205095,407.0
446a40508622777c,https://jobsbotswana.info/jobs/senior-geologist-mmg-khoemacau-copper-mining/,SENIOR GEOLOGIST – MMG-Khoemacau Copper Mining,MMG-Khoemacau Copper Mining,posted,2026-07-08T21:45:59.836260,409.0
21c17291bd45674e,https://jobsbotswana.info/jobs/senior-office-administrator/,SENIOR OFFICE ADMINISTRATOR,Jobs Botswana,posted,2026-07-08T21:46:14.516224,410.0
2eecd6f8b2d83969,https://jobsbotswana.info/jobs/senior-physiotherapist/,SENIOR PHYSIOTHERAPIST,Jobs Botswana,posted,2026-07-08T21:46:28.839384,411.0
856c6e80e805e706,https://jobsbotswana.info/jobs/senior-project-coordinator-mmg-khoemacau-copper-mining/,SENIOR PROJECT COORDINATOR – MMG-Khoemacau Copper Mining,MMG-Khoemacau Copper Mining,posted,2026-07-08T21:46:50.003126,413.0
5c0937b9e2897475,https://jobsbotswana.info/jobs/senior-sales-executive-city-lodge-hotels/,SENIOR SALES EXECUTIVE – City Lodge Hotels,City Lodge Hotels,posted,2026-07-08T21:47:06.192972,414.0
3503c6b53d482316,https://jobsbotswana.info/jobs/service-and-standards-manager-wilderness/,SERVICE AND STANDARDS MANAGER – Wilderness,Wilderness,posted,2026-07-08T21:47:23.615880,415.0
1b23c50e30d492d8,https://jobsbotswana.info/jobs/service-assurance-analyst-mascom/,SERVICE ASSURANCE ANALYST – Mascom,Mascom,posted,2026-07-08T21:47:40.319899,417.0
18e1c460601779d0,https://jobsbotswana.info/jobs/she-integration-specialist-huaye-botswana-mining-pty-ltd/,SHE INTEGRATION SPECIALIST – Huaye Botswana Mining (Pty) Ltd,HUAYE BOTSWANA MINING (PTY) LTD,posted,2026-07-08T21:47:58.203368,419.0
3c15f59324b8bdb9,https://jobsbotswana.info/jobs/shea-officer-mp-mining/,SHEA OFFICER – MP Mining,Jobs Botswana,posted,2026-07-08T21:48:14.228859,420.0
cff1da7d89fafc9e,https://jobsbotswana.info/jobs/shift-in-charge-strides-of-success-pty-ltd-2/,SHIFT IN CHARGE – Strides of Success (Pty) Ltd,Strides of Success (Pty) Ltd,posted,2026-07-08T21:48:33.618232,422.0
825587d0c3733124,https://jobsbotswana.info/jobs/site-engineer-site-agent-ossy-and-sons-investments-pty-ltd/,SITE ENGINEER/ SITE AGENT – Ossy and sons investments pty Ltd,Ossy and sons investments pty Ltd,posted,2026-07-08T21:48:51.523484,424.0
4308a21ada3fd003,https://jobsbotswana.info/jobs/site-foremen-liftoff-investments-pty-ltd/,SITE FOREMEN – Liftoff Investments (Pty) Ltd,LIFTOFF INVESTMENTS (PTY) LTD,posted,2026-07-08T21:49:08.676003,426.0
23976bbd1eae49a4,https://jobsbotswana.info/jobs/spares-clerk-chloride-exide-botswana/,Spares Clerk – Chloride Exide Botswana,Jobs Botswana,posted,2026-07-08T21:49:25.319020,427.0
daee099078a435e9,https://jobsbotswana.info/jobs/special-education-teacher-exceed-learning-center/,SPECIAL EDUCATION TEACHER – Exceed Learning Center,EXCEED LEARNING CENTER,posted,2026-07-08T21:49:39.643650,428.0
d029b6fc258a6b84,https://jobsbotswana.info/jobs/special-educational-needs-sen-teacher/,Special Educational Needs (SEN) Teacher,Jobs Botswana,posted,2026-07-08T21:49:57.448943,429.0
ddbdc008c1c28507,https://jobsbotswana.info/jobs/special-needs-educator-kiddies-academy/,SPECIAL NEEDS EDUCATOR – Kiddies Academy,Kiddies Academy,posted,2026-07-08T21:50:14.949140,431.0
c958870b949a0cdf,https://jobsbotswana.info/jobs/stakeholder-manager-mmg-khoemacau/,STAKEHOLDER MANAGER – MMG Khoemacau,Jobs Botswana,posted,2026-07-08T21:50:32.981186,432.0
6cdeb8408b61031b,https://jobsbotswana.info/jobs/stock-controller-the-brand-lifestyles/,STOCK CONTROLLER – The Brand Lifestyles,The Brand Lifestyles,posted,2026-07-08T21:50:48.650635,433.0
38a42d4c05c6a231,https://jobsbotswana.info/jobs/store-person-mmg-khoemacau/,STORE PERSON – MMG Khoemacau,Jobs Botswana,posted,2026-07-08T21:51:08.846894,434.0
fb5185f044665d0a,https://jobsbotswana.info/jobs/strategic-supply-chain-integration-specialist-huaye-botswana-mining-pty-ltd/,STRATEGIC SUPPLY CHAIN INTEGRATION SPECIALIST – Huaye Botswana Mining (Pty) Ltd,HUAYE BOTSWANA MINING (PTY) LTD,posted,2026-07-08T21:51:26.980560,436.0
e0ed7445cbcf876f,https://jobsbotswana.info/jobs/strategy-project-analyst-3-years-fixed-term-contract-botswana-school-of-business-sciences-bac/,STRATEGY & PROJECT ANALYST (3 YEARS FIXED-TERM CONTRACT) – Botswana School of Business Sciences (BAC),Botswana School of Business Sciences (BAC),posted,2026-07-08T21:51:47.234353,438.0
03f5ddabc9c53a9a,https://jobsbotswana.info/jobs/supply-and-delivery-of-laptops-and-desktop-computers-botswana-international-university-of-science-and-technology-biust/,SUPPLY AND DELIVERY OF LAPTOPS AND DESKTOP COMPUTERS – Botswana International University of Science and Technology (BIUST),Botswana International University of Science and Technology (BIUST),posted,2026-07-08T21:52:07.053862,440.0
7c555bd3863988de,https://jobsbotswana.info/jobs/supply-chain-integration-specialist-huaye-botswana-mining-pty-ltd/,SUPPLY CHAIN INTEGRATION SPECIALIST – Huaye Botswana Mining (Pty) Ltd,HUAYE BOTSWANA MINING (PTY) LTD,posted,2026-07-08T21:52:24.956143,442.0
702b2f54f384391a,https://jobsbotswana.info/jobs/supply-chain-specialist-choppies/,SUPPLY CHAIN SPECIALIST – choppies,choppies,posted,2026-07-08T21:52:41.950448,444.0
d1a1ff10f46827de,https://jobsbotswana.info/jobs/survey-technician-trollope-botswana-international-2/,SURVEY TECHNICIAN – Trollope Botswana International,Trollope Botswana International,posted,2026-07-08T21:53:03.266489,446.0
d6fd3b62d4f1b586,https://jobsbotswana.info/jobs/surveyor-liftoff-investments-pty-ltd/,SURVEYOR – Liftoff Investments (Pty) Ltd,LIFTOFF INVESTMENTS (PTY) LTD,posted,2026-07-08T21:53:21.029404,448.0
00fecaa48aab5c6f,https://jobsbotswana.info/jobs/surveyor-mmg-khoemacau/,SURVEYOR – MMG Khoemacau,Jobs Botswana,posted,2026-07-08T21:53:40.278836,449.0
00089719d92fddd9,https://jobsbotswana.info/jobs/system-support-manager-choppies/,SYSTEM SUPPORT MANAGER – Choppies,Choppies,posted,2026-07-08T21:53:59.085216,451.0
287f85b6fdd5f34b,https://jobsbotswana.info/jobs/taxation-assistant-iams-ca/,TAXATION ASSISTANT – IAMS.CA,Jobs Botswana,posted,2026-07-08T21:54:13.551082,452.0
ed5f1b115ebd89db,https://jobsbotswana.info/jobs/technical-business-development-manager-master-farmer-feeds-pty-ltd/,TECHNICAL BUSINESS DEVELOPMENT MANAGER – Master Farmer Feeds (Pty) Ltd,Master Farmer Feeds (Pty) Ltd,posted,2026-07-08T21:54:33.833881,454.0
8b11923121221c1f,https://jobsbotswana.info/jobs/technical-maintenance-specialist-kabran-auto/,TECHNICAL MAINTENANCE SPECIALIST – Kabran Auto,Kabran Auto,posted,2026-07-08T21:54:49.853958,456.0
a823869e8e35c86a,https://jobsbotswana.info/jobs/technical-services-manager-huaye-botswana-mining-pty-ltd/,TECHNICAL SERVICES MANAGER – Huaye Botswana Mining (Pty) Ltd,HUAYE BOTSWANA MINING (PTY) LTD,posted,2026-07-08T21:55:07.482949,458.0
ebb3fc5a13b84c47,https://jobsbotswana.info/jobs/telecommunications-technician-with-electrical-experience-mvn-security/,TELECOMMUNICATIONS TECHNICIAN (WITH ELECTRICAL EXPERIENCE) – Mvn Security,MVN Security,posted,2026-07-08T21:55:22.037305,459.0
66da7d0efad6baf2,https://jobsbotswana.info/jobs/temporary-principal-registered-nurse-nursing-officer-i-midwife-kgalagadi-north-district-council-republic-of-botswana/,TEMPORARY PRINCIPAL REGISTERED NURSE / NURSING OFFICER I (MIDWIFE) – Kgalagadi North District Council (Republic of Botswana),Kgalagadi North District Council (Republic of Botswana),posted,2026-07-08T21:55:43.835729,461.0
63e635d1efa479e7,https://jobsbotswana.info/jobs/trainee-hse-officer-2-posts-jchx-mining-management-co-ltd/,"TRAINEE HSE OFFICER (2 POSTS) – JCHX Mining Management Co., Ltd.","JCHX Mining Management Co., Ltd.",posted,2026-07-08T21:56:02.211860,462.0
fe22a0b02d3e58a4,https://jobsbotswana.info/jobs/vacancy-temporary-farm-manager-mabutsane-district-council/,VACANCY – TEMPORARY FARM MANAGER – Mabutsane District Council,Mabutsane District Council,posted,2026-07-08T21:56:25.659081,463.0
f255d46c4da2766d,https://jobsbotswana.info/jobs/value-centre-general-manager-x2-vc-south-admin-office-and-vc-north-admin-office-botswanapost/,VALUE CENTRE GENERAL MANAGER X2 (VC SOUTH ADMIN OFFICE AND VC NORTH ADMIN OFFICE) – BotswanaPost,BotswanaPost,posted,2026-07-08T21:56:43.596965,464.0
6d261345bc01587c,https://jobsbotswana.info/jobs/veterinary-surgeon-agrichem-nr/,VETERINARY SURGEON – Agrichem NR,Agrichem NR,posted,2026-07-08T21:57:01.353362,466.0
c37c389ca5880969,https://jobsbotswana.info/jobs/volunteers-needed-various-positions-passionate-impacts/,VOLUNTEERS NEEDED (VARIOUS POSITIONS) – Passionate Impacts,PASSIONATE IMPACTS,posted,2026-07-08T21:57:17.727397,468.0
01b307576bca879e,https://jobsbotswana.info/jobs/waiteress-waiters-bottle-girls-bouncers-professional-djs-and-cleaners-goosebumps-lounge/,"WAITERESS, WAITERS, BOTTLE GIRLS, BOUNCERS, PROFESSIONAL DJS AND CLEANERS – Goosebumps Lounge",Goosebumps Lounge,posted,2026-07-08T21:57:34.992014,469.0
a536d8d5c8b70afe,https://jobsbotswana.info/jobs/wildlife-ranger-greatplainsconservation/,WILDLIFE RANGER – greatplainsconservation,greatplainsconservation,posted,2026-07-08T21:57:51.617562,471.0
25ae4acce9bf55e1,https://jobsbotswana.info/jobs/works-contract-for-supply-delivery-installation-and-commissioning-of-new-110-kva-standby-generator-bobirwa-district-council/,"WORKS CONTRACT FOR SUPPLY, DELIVERY, INSTALLATION AND COMMISSIONING OF NEW 110 KVA STANDBY GENERATOR – Bobirwa District Council",Bobirwa District Council,posted,2026-07-08T21:58:08.894229,473.0
c307fd4dfd7e2e83,https://jobsbotswana.info/jobs/workshop-manager-bango-trading/,WORKSHOP MANAGER – Bango Trading,Jobs Botswana,posted,2026-07-08T21:58:26.228302,474.0
e638058539b64cf2,https://jobsbotswana.info/jobs/advanced-life-support-als-paramedic-emergency-assist-991/,ADVANCED LIFE SUPPORT (ALS) PARAMEDIC – Emergency Assist 991,EMERGENCY ASSIST 991,posted,2026-07-09T02:47:49.590176,476.0
2d9b9c933501089e,https://jobsbotswana.info/jobs/call-centre-team-leader-emergency-assist-991/,CALL CENTRE TEAM LEADER – Emergency Assist 991,Emergency Assist 991,posted,2026-07-09T02:48:10.113286,478.0
274954b00f2a9f19,https://jobsbotswana.info/jobs/chief-executive-officer-ceo-thuto-saccos/,CHIEF EXECUTIVE OFFICER (CEO) – Thuto SACCOS,Thuto SACCOS,posted,2026-07-09T02:48:29.616652,480.0
eee408020c8388d8,https://jobsbotswana.info/jobs/cleaner-itshetseng-saccos/,CLEANER – Itshetseng SACCOS,Itshetseng SACCOS,posted,2026-07-09T02:48:50.018084,482.0
17cdce9415adbbca,https://jobsbotswana.info/jobs/data-protection-officer-thuto-saccos/,DATA PROTECTION OFFICER – Thuto Saccos,THUTO SACCOS,posted,2026-07-09T02:49:11.453250,484.0
465200ca41b0ae5c,https://jobsbotswana.info/jobs/digital-sales-lead-commercial-bayport-financial-services-botswana/,DIGITAL SALES LEAD – COMMERCIAL – Bayport Financial Services Botswana,Bayport Financial Services Botswana,posted,2026-07-09T02:49:29.155747,486.0
aed40da7498ff918,https://jobsbotswana.info/jobs/extra-heavy-duty-driver-guernsey-kgalagadi-freight-pty-ltd/,EXTRA HEAVY DUTY DRIVER – Guernsey Kgalagadi Freight (Pty) Ltd,GUERNSEY KGALAGADI FREIGHT (PTY) LTD,posted,2026-07-09T02:49:49.010787,487.0
189aec0404e11e2a,https://jobsbotswana.info/jobs/hospitality-trainer-desert-delta-safaris/,HOSPITALITY TRAINER – Desert & Delta Safaris,DESERT & DELTA SAFARIS,posted,2026-07-09T02:50:10.078371,489.0
3ca554a444f149b8,https://jobsbotswana.info/jobs/managing-partner-audit-assurance-hlb-botswana/,MANAGING PARTNER – AUDIT & ASSURANCE – HLB Botswana,HLB Botswana,posted,2026-07-09T02:50:27.905859,491.0
9914b24ce0d04a5d,https://jobsbotswana.info/jobs/officer-cadet-botswana-defence-force/,OFFICER CADET – Botswana Defence Force,BOTSWANA DEFENCE FORCE,posted,2026-07-09T02:50:41.711495,311.0
db44cfc66e2903f3,https://jobsbotswana.info/jobs/operations-assistant-woo-international-skills-development-assessment-academy/,OPERATIONS ASSISTANT – Woo International Skills Development & Assessment Academy,Woo International Skills Development & Assessment Academy,posted,2026-07-09T02:50:58.914337,493.0
9bc302d7430e669f,https://jobsbotswana.info/jobs/rigger-tataki-mining/,RIGGER – Tataki Mining,Tataki Mining,posted,2026-07-09T02:51:17.883652,495.0
2ff034ee7325cbf8,https://jobsbotswana.info/jobs/sales-representative-western-apparels-pty-ltd/,SALES REPRESENTATIVE – Western Apparels (Pty) Ltd,WESTERN APPARELS (PTY) LTD,posted,2026-07-09T02:51:36.144167,497.0
65b40337ee65ff68,https://jobsbotswana.info/jobs/assistant-secretary-general-for-environmental-policy-coordination-and-secretary-of-the-environment-management-group-emg-ministry-of-international-relations/,ASSISTANT SECRETARY-GENERAL FOR ENVIRONMENTAL POLICY COORDINATION AND SECRETARY OF THE ENVIRONMENT MANAGEMENT GROUP (EMG) – Ministry of International Relations,Ministry of International Relations,posted,2026-07-09T06:43:37.988230,498.0
c98175ea53f0ee27,https://jobsbotswana.info/jobs/insurance-sub-agents-malsure-insurance-brokers/,INSURANCE SUB-AGENTS – Malsure Insurance Brokers,MALSURE INSURANCE BROKERS,posted,2026-07-09T06:43:56.554699,500.0
32b744463319df43,https://jobsbotswana.info/jobs/production-officer-pensionable-contract-national-agro-processing/,PRODUCTION OFFICER – PENSIONABLE CONTRACT – National Agro Processing,National Agro Processing,posted,2026-07-09T06:44:15.831797,502.0
f099d837d4a45eb8,https://jobsbotswana.info/jobs/professional-waiters-waitresses-samil-50-truck-driver-barclay-stenner-safaris/,PROFESSIONAL WAITERS & WAITRESSES / SAMIL 50 TRUCK DRIVER – Barclay Stenner Safaris,BARCLAY STENNER SAFARIS,posted,2026-07-09T06:44:32.803571,504.0
1c2b5baeaf9a4a59,https://jobsbotswana.info/jobs/production-officer-pensionable-contract-national-agro-processing-2/,PRODUCTION OFFICER – PENSIONABLE CONTRACT – National Agro Processing,NATIONAL AGRO PROCESSING,posted,2026-07-09T11:57:50.167953,506.0
651f29f65ed6bfd0,https://jobsbotswana.info/jobs/provision-of-facilities-management-services-for-fnb-facilities-nationwide-first-national-bank-of-botswana/,PROVISION OF FACILITIES MANAGEMENT SERVICES FOR FNB FACILITIES NATIONWIDE – First National Bank of Botswana,First National Bank of Botswana,posted,2026-07-09T11:58:06.989149,508.0
07a31fa50959f55d,https://jobsbotswana.info/jobs/provision-of-facilities-management-services-for-fnbb-facilities-nationwide-first-national-bank-of-botswana/,PROVISION OF FACILITIES MANAGEMENT SERVICES FOR FNBB FACILITIES NATIONWIDE – First National Bank of Botswana,First National Bank of Botswana,posted,2026-07-09T11:58:23.331290,510.0
3682eec205cb7084,https://jobsbotswana.info/jobs/auto-mechanic-gips/,AUTO MECHANIC – Gips,GIPS,failed|wp_post_failed_or_skipped,2026-07-09T19:55:21.708370,
30028510295e979f,https://jobsbotswana.info/jobs/cleaner-itsetseng-saccos/,CLEANER – Itsetseng Saccos,Itsetseng Saccos,posted,2026-07-09T19:55:38.651914,511.0
7ce5510509f81076,https://jobsbotswana.info/jobs/hotel-manager-front-desk-officers-the-royal-gem-hotel/,HOTEL MANAGER & FRONT DESK OFFICERS – The Royal Gem Hotel,The Royal Gem Hotel,posted,2026-07-09T19:55:55.372463,512.0
5a3eb841f0702689,https://jobsbotswana.info/jobs/multiple-security-positions-security-guards-security-supervisors-and-security-manager-rainbow-colours-security/,"MULTIPLE SECURITY POSITIONS: SECURITY GUARDS, SECURITY SUPERVISORS, AND SECURITY MANAGER – Rainbow Colours Security",Rainbow Colours Security,posted,2026-07-09T19:56:13.559821,513.0
561812a48808ff90,https://jobsbotswana.info/jobs/panel-beater-gips/,PANEL BEATER – Gips,GIPS,posted,2026-07-09T19:56:29.025888,514.0
cdf244af270cb5d8,https://jobsbotswana.info/jobs/procurement-of-works-contract-for-the-construction-of-kgotla-shelter-in-lesenepole-village-palapye-district-council/,PROCUREMENT OF WORKS CONTRACT FOR THE CONSTRUCTION OF KGOTLA SHELTER IN LESENEPOLE VILLAGE – Palapye District Council,Palapye District Council,posted,2026-07-09T19:56:47.297502,516.0
f2c6317ec3d6faca,https://jobsbotswana.info/jobs/sales-agents-the-cpd-centre-2/,SALES AGENTS – The Cpd Centre,The Cpd Centre,posted,2026-07-09T19:57:02.797305,517.0
ca239916b6833292,https://jobsbotswana.info/jobs/setswana-voice-call-contributor-paid-conversational-recording-work/,Setswana Voice Call Contributor – Paid Conversational Recording Work,Jobs Botswana,posted,2026-07-09T19:57:18.266319,518.0
e97425909c875ca7,https://jobsbotswana.info/jobs/spray-painter-gips/,SPRAY PAINTER – Gips,GIPS,posted,2026-07-09T19:57:34.323502,519.0
4407ba8f2ae649ff,https://jobsbotswana.info/jobs/works-contract-for-the-procurement-of-the-construction-of-kgotla-shelter-in-lesenepole-village-palapye-district-council/,WORKS CONTRACT FOR THE PROCUREMENT OF THE CONSTRUCTION OF KGOTLA SHELTER IN LESENEPOLE VILLAGE – Palapye District Council,Palapye District Council,posted,2026-07-09T19:57:53.899032,521.0
b93721d8acdde1f8,https://jobsbotswana.info/jobs/document-services-assistant-tournant-hub-cafe/,DOCUMENT SERVICES ASSISTANT – Tournant Hub Cafe,Tournant Hub Cafe,posted,2026-07-09T22:27:31.904635,522.0
1be3ff3d36266ec5,https://jobsbotswana.info/jobs/hardware-salesperson-tournant-hardware/,HARDWARE SALESPERSON – Tournant Hardware,Tournant Hardware,posted,2026-07-09T22:27:44.539540,523.0
259960b211ae594b,https://jobsbotswana.info/jobs/hotel-manager-the-royal-gem-hotel/,HOTEL MANAGER – The Royal Gem Hotel,The Royal Gem Hotel,posted,2026-07-09T22:28:01.248334,525.0
41b96c68bf4390a5,https://jobsbotswana.info/jobs/sales-administrator-multotec/,SALES ADMINISTRATOR – Multotec,MULTOTEC,posted,2026-07-09T22:28:16.528917,526.0
4cf89420e90d6ce9,https://jobsbotswana.info/jobs/clinical-psychologist-psychmatters-pty-ltd/,CLINICAL PSYCHOLOGIST – PsychMatters (Pty) Ltd,PsychMatters (Pty) Ltd,posted,2026-07-10T11:51:53.353878,528.0
7511d615b3bbacfc,https://jobsbotswana.info/jobs/compliance-officer-bposaccos-2/,COMPLIANCE OFFICER – Bposaccos,BPOSACCOS,posted,2026-07-10T11:52:10.691724,529.0
5ca9549b9dfdf209,https://jobsbotswana.info/jobs/digital-marketing-social-media-consultant-emergency-assist-991/,DIGITAL MARKETING & SOCIAL MEDIA CONSULTANT – Emergency Assist 991,Emergency Assist 991,posted,2026-07-10T11:52:29.196097,531.0
68dc715272c97401,https://jobsbotswana.info/jobs/farm-manager-1-supervisors-2-b-l-moalosi-enterprises/,FARM MANAGER (1); SUPERVISORS (2) – B. L. Moalosi Enterprises,B. L. Moalosi Enterprises,posted,2026-07-10T11:52:52.973563,533.0
2d6c41d0391aa306,https://jobsbotswana.info/jobs/farm-workers-preferably-a-couple-ekoa-pty-ltd/,FARM WORKERS (PREFERABLY A COUPLE) – Ekoa (Pty) Ltd,EKOA (PTY) LTD,posted,2026-07-10T11:53:11.659595,535.0
e431fa9a070d9ee5,https://jobsbotswana.info/jobs/financial-consultant-rankuke-associates-pty-ltd-2/,FINANCIAL CONSULTANT – Rankuke & Associates (Pty) Ltd,Rankuke & Associates (Pty) Ltd,posted,2026-07-10T11:53:28.269494,537.0
e63b49acc5482717,https://jobsbotswana.info/jobs/general-managers-fours-2/,GENERAL MANAGERS – Fours,FOURS,posted,2026-07-10T11:53:45.769407,539.0
2ede7c64b935fb1e,https://jobsbotswana.info/jobs/head-of-preschool-clifton-preparatory-school/,HEAD OF PRESCHOOL – Clifton Preparatory School,Clifton Preparatory School,posted,2026-07-10T11:54:03.190201,541.0
eb6638d89abdedf6,https://jobsbotswana.info/jobs/independent-non-executive-director-nedc-investment-holdings-pty-ltd/,INDEPENDENT NON-EXECUTIVE DIRECTOR – Nedc Investment Holdings (Pty) Ltd,Nedc Investment Holdings (Pty) Ltd,posted,2026-07-10T11:54:20.789731,542.0
e5fbc2b829318804,https://jobsbotswana.info/jobs/project-manager-hotel-refurbishment-synthetic-thatching-projects-chobe-marina-lodge/,PROJECT MANAGER – HOTEL REFURBISHMENT & SYNTHETIC THATCHING PROJECTS – Chobe Marina Lodge,Chobe Marina Lodge,posted,2026-07-10T11:54:37.286046,544.0
6e4c28c6ec1fc712,https://jobsbotswana.info/jobs/quality-controller-fancy-diamond-shapes-signet-direct-diamond-sourcing-botswana-2/,QUALITY CONTROLLER – (FANCY DIAMOND SHAPES) – Signet Direct Diamond Sourcing Botswana,Signet Direct Diamond Sourcing Botswana,posted,2026-07-10T11:54:54.706872,545.0
602d60199a6ac237,https://jobsbotswana.info/jobs/rigger-multi-skilled-operator-tataki-mining/,RIGGER & MULTI-SKILLED OPERATOR – Tataki Mining,Tataki Mining,posted,2026-07-10T11:55:12.617093,547.0
b8e164947da66535,https://jobsbotswana.info/jobs/senior-er-300-functional-consultant-analyst-gafoor-investments-pty-ltd-2/,SENIOR ER 300 FUNCTIONAL CONSULTANT / ANALYST – Gafoor Investments (Pty) Ltd,Gafoor Investments (Pty) Ltd,posted,2026-07-10T11:55:29.661271,548.0
0bc70511964ebae1,https://jobsbotswana.info/jobs/senior-er-300-functional-consultant-analyst-gafoor-investments-pty-ltd/,SENIOR ER 300 FUNCTIONAL CONSULTANT /ANALYST – Gafoor Investments (Pty) Ltd,Gafoor Investments (Pty) Ltd,posted,2026-07-10T11:55:47.700142,549.0
d03d08add5fc3915,https://jobsbotswana.info/jobs/workshop-coordinator-bush-ways-safaris-and-lodges/,WORKSHOP COORDINATOR – Bush Ways Safaris and Lodges,Bush Ways Safaris and Lodges,posted,2026-07-10T11:56:03.110990,551.0
9aba2ebd174c4f97,https://jobsbotswana.info/jobs/financial-consultant-rankuke-associates-pty-ltd/,FINANCIAL CONSULTANT – Rankuke & Associates (Pty) Ltd,Rankuke & Associates (Pty) Ltd,posted,2026-07-10T14:22:58.832608,537.0
86d5b45a1955a665,https://jobsbotswana.info/jobs/provision-of-consultancy-services-client-satisfaction-survey-relationship-managed-portfolio-survey-first-national-bank-of-botswana-limited/,PROVISION OF CONSULTANCY SERVICES (CLIENT SATISFACTION SURVEY & RELATIONSHIP MANAGED PORTFOLIO SURVEY) – First National Bank of Botswana Limited,First National Bank of Botswana Limited,posted,2026-07-10T14:23:15.630236,553.0
6f1bfbec11894c26,https://jobsbotswana.info/jobs/quality-controller-fancy-diamond-shapes-signet-direct-diamond-sourcing-botswana/,QUALITY CONTROLLER – (FANCY DIAMOND SHAPES) – Signet Direct Diamond Sourcing Botswana,Signet Direct Diamond Sourcing Botswana,posted,2026-07-10T14:23:32.881967,554.0
0f8a682ec9a6954f,https://jobsbotswana.info/jobs/bakery-supervisor-baker-driver-pie-time/,BAKERY SUPERVISOR / BAKER / DRIVER – Pie Time,Pie Time,posted,2026-07-10T16:56:11.463154,555.0
b62456f2b3835e01,https://jobsbotswana.info/jobs/consultancy-service-for-biodiversity-inventory-and-conservation-management-plan-cmp-kwenantle-farmers/,CONSULTANCY SERVICE FOR BIODIVERSITY INVENTORY AND CONSERVATION MANAGEMENT PLAN (CMP) – Kwenantle Farmers,Kwenantle Farmers,posted,2026-07-10T16:56:28.267778,556.0
f5b92ca343af2792,https://jobsbotswana.info/jobs/executive-chef-xigera-safari-lodge/,EXECUTIVE CHEF – Xigera Safari Lodge,Xigera Safari Lodge,posted,2026-07-10T16:56:44.794043,558.0
23a5161ecff15c50,https://jobsbotswana.info/jobs/expression-of-interest-accommodation-registration-tender-palapye-district-council/,EXPRESSION OF INTEREST: ACCOMMODATION REGISTRATION (TENDER) – Palapye District Council,Palapye District Council,posted,2026-07-10T16:57:02.839299,560.0
24d5fa1798f498a2,https://jobsbotswana.info/jobs/aml-analyst-x2-first-capital-bank-botswana/,AML ANALYST (X2) – First Capital Bank Botswana,First Capital Bank Botswana,posted,2026-07-10T19:26:32.741636,562.0
a697544c1af4b3ad,https://jobsbotswana.info/jobs/bakery-supervisor-baker-driver-pie-time-2/,"BAKERY SUPERVISOR, BAKER & DRIVER – Pie Time",Pie Time,posted,2026-07-10T19:26:45.425131,555.0
fda64230d2b8fa53,https://jobsbotswana.info/jobs/digital-customer-agent-field-tracing-consultant-letshego-financial-services-botswana/,DIGITAL CUSTOMER AGENT & FIELD TRACING CONSULTANT – Letshego Financial Services Botswana,Letshego Financial Services Botswana,posted,2026-07-10T19:27:06.247551,564.0
39a63ccfcd078579,https://jobsbotswana.info/jobs/lecturer-kanye-seventh-day-adventist-college-of-nursing/,LECTURER – Kanye Seventh-Day Adventist College of Nursing,Kanye Seventh-Day Adventist College of Nursing,posted,2026-07-10T19:27:23.077972,565.0
f6a0cc79ba7c8ed1,https://jobsbotswana.info/jobs/mid-level-full-stack-developer-mern-brastorne/,MID-LEVEL FULL STACK DEVELOPER (MERN) – Brastorne,Brastorne,posted,2026-07-10T19:27:42.243713,567.0
8a447b68274a924d,https://jobsbotswana.info/jobs/nursing-lecturers-kanye-seventh-day-adventist-college-of-nursing/,NURSING LECTURERS – Kanye Seventh-Day Adventist College of Nursing,Kanye Seventh-Day Adventist College of Nursing,posted,2026-07-10T19:27:59.363339,568.0
27c97733356b2ced,https://jobsbotswana.info/jobs/property-manager-estate-property-investments-pty-ltd/,PROPERTY MANAGER – Estate Property Investments (Pty) Ltd,Estate Property Investments (Pty) Ltd,posted,2026-07-10T19:28:19.424287,569.0
2b6200ffb25d1883,https://jobsbotswana.info/jobs/science-lecturers-kanye-seventh-day-adventist-college-of-nursing/,SCIENCE LECTURERS – Kanye Seventh-Day Adventist College of Nursing,Kanye Seventh-Day Adventist College of Nursing,posted,2026-07-10T19:28:36.793277,570.0
876ec0cd031f0b4f,https://jobsbotswana.info/jobs/technical-sales-officer-lidoma-hr-consultancy/,TECHNICAL SALES OFFICER – Lidoma HR Consultancy,Lidoma HR Consultancy,posted,2026-07-10T19:28:54.425049,572.0
b06524b8afac66e1,https://jobsbotswana.info/jobs/technical-services-manager-singita/,TECHNICAL SERVICES MANAGER – Singita,Singita,posted,2026-07-10T19:29:14.390367,574.0
814def3066632ad9,https://jobsbotswana.info/jobs/clinical-psychologist-psychmatters-pty-ltd-2/,CLINICAL PSYCHOLOGIST – PsychMatters (Pty) Ltd,PsychMatters (Pty) Ltd,posted,2026-07-11T02:28:58.607365,576.0
5c5e25dd6ba2e62c,https://jobsbotswana.info/jobs/independent-non-executive-directors-nedc-investment-holdings-pty-ltd/,INDEPENDENT NON-EXECUTIVE DIRECTORS – Nedc Investment Holdings (Pty) Ltd,Nedc Investment Holdings (Pty) Ltd,posted,2026-07-11T02:29:16.080435,577.0
8f2689e49b46d333,https://jobsbotswana.info/jobs/mid-level-devops-engineer-brastorne/,MID-LEVEL DEVOPS ENGINEER – Brastorne,Brastorne,posted,2026-07-11T02:29:32.924467,579.0
dca87045202f241a,https://jobsbotswana.info/jobs/technical-sales-officer-lidoma-hr-consultancy-2/,TECHNICAL SALES OFFICER – Lidoma HR Consultancy,Lidoma HR Consultancy,posted,2026-07-11T02:29:45.365425,572.0
926d4766f1a05f3f,https://jobsbotswana.info/jobs/healthcare-assistant-physiotherapy-physiotherapy-touch-clinic/,HEALTHCARE ASSISTANT (PHYSIOTHERAPY) – Physiotherapy Touch Clinic,Physiotherapy Touch Clinic,posted,2026-07-11T05:40:26.004343,581.0
89665175eb716f12,https://jobsbotswana.info/jobs/information-technology-officer-ii-kanye-seventh-day-adventist-college-of-nursing/,INFORMATION TECHNOLOGY OFFICER II – Kanye Seventh-Day Adventist College of Nursing,Kanye Seventh-Day Adventist College of Nursing,posted,2026-07-11T05:40:41.212884,583.0
58d9ab3b00603d73,https://jobsbotswana.info/jobs/administration-assistant-physiotherapy-touch-clinic/,ADMINISTRATION ASSISTANT – Physiotherapy Touch Clinic,Physiotherapy Touch Clinic,posted,2026-07-11T07:53:34.204284,584.0
b8ef641da430ed60,https://jobsbotswana.info/jobs/proposal-for-leasing-of-residential-houses-to-palapye-district-council-palapye-district-council/,PROPOSAL FOR LEASING OF RESIDENTIAL HOUSES TO PALAPYE DISTRICT COUNCIL – Palapye District Council,Palapye District Council,posted,2026-07-11T07:53:54.826833,586.0
94749dbc71d494b8,https://jobsbotswana.info/jobs/spa-reservations-administrator-consultant-xigera-safari-lodge/,SPA RESERVATIONS ADMINISTRATOR & CONSULTANT – Xigera Safari Lodge,Xigera Safari Lodge,posted,2026-07-11T07:54:14.350826,588.0
f4fe289135ad54f1,https://jobsbotswana.info/jobs/administration-assistant-physiotherapy-clinic-physiotherapy-touch-clinic/,ADMINISTRATION ASSISTANT – PHYSIOTHERAPY CLINIC – Physiotherapy Touch Clinic,Physiotherapy Touch Clinic,posted,2026-07-11T10:30:21.783145,589.0
93e5a82348173611,https://jobsbotswana.info/jobs/head-of-treasury-first-capital-bank/,HEAD OF TREASURY – First Capital Bank,First Capital Bank,posted,2026-07-11T10:30:39.972593,591.0
832dc3efd3df6102,https://jobsbotswana.info/jobs/inclusive-and-special-education-lecturer-ba-isago-university/,INCLUSIVE AND SPECIAL EDUCATION LECTURER – BA ISAGO University,BA ISAGO University,posted,2026-07-11T10:30:59.284299,593.0
6999ee06639c2cc2,https://jobsbotswana.info/jobs/it-officer-first-capital-bank/,IT OFFICER – First Capital Bank,First Capital Bank,posted,2026-07-11T10:31:14.581806,595.0
01444b9557f602b0,https://jobsbotswana.info/jobs/lecturer-senior-lecturer-associate-professor-professor-accounting-and-finance-ba-isago-university/,LECTURER/SENIOR LECTURER/ASSOCIATE PROFESSOR/PROFESSOR – ACCOUNTING AND FINANCE – BA ISAGO University,BA ISAGO University,posted,2026-07-11T10:31:33.425127,597.0
cdbbb4ea290e17ef,https://jobsbotswana.info/jobs/lecturer-senior-lecturer-associate-professor-professor-actuarial-sciences-ba-isago-university/,LECTURER/SENIOR LECTURER/ASSOCIATE PROFESSOR/PROFESSOR – ACTUARIAL SCIENCES – BA ISAGO University,BA ISAGO University,posted,2026-07-11T10:31:51.484748,599.0
63f27f04b3366a34,https://jobsbotswana.info/jobs/lecturer-senior-lecturer-associate-professor-professor-banking-and-finance-ba-isago-university/,LECTURER/SENIOR LECTURER/ASSOCIATE PROFESSOR/PROFESSOR – BANKING AND FINANCE – BA ISAGO University,BA ISAGO University,posted,2026-07-11T10:32:07.779480,601.0
97972fca08fd3b4a,https://jobsbotswana.info/jobs/lecturer-senior-lecturer-associate-professor-professor-business-communication-ba-isago-university/,LECTURER/SENIOR LECTURER/ASSOCIATE PROFESSOR/PROFESSOR – BUSINESS COMMUNICATION – BA ISAGO University,BA ISAGO University,posted,2026-07-11T10:32:24.531208,603.0
08e0613bba0fbf82,https://jobsbotswana.info/jobs/lecturer-senior-lecturer-associate-professor-professor-counselling-ba-isago-university/,LECTURER/SENIOR LECTURER/ASSOCIATE PROFESSOR/PROFESSOR – COUNSELLING – BA ISAGO University,BA ISAGO University,posted,2026-07-11T10:32:41.052431,605.0
57f7a8fbe39ee2f8,https://jobsbotswana.info/jobs/lecturer-senior-lecturer-associate-professor-professor-criminology-ba-isago-university/,LECTURER/SENIOR LECTURER/ASSOCIATE PROFESSOR/PROFESSOR – CRIMINOLOGY – BA ISAGO University,BA ISAGO University,posted,2026-07-11T10:32:59.271836,607.0
19567994a68f1143,https://jobsbotswana.info/jobs/lecturer-senior-lecturer-associate-professor-professor-digital-marketing-artificial-intelligence-ba-isago-university/,LECTURER/SENIOR LECTURER/ASSOCIATE PROFESSOR/PROFESSOR – DIGITAL MARKETING/ARTIFICIAL INTELLIGENCE – BA ISAGO University,BA ISAGO University,posted,2026-07-11T10:33:16.735214,609.0
e724b73b77fc3147,https://jobsbotswana.info/jobs/lecturer-senior-lecturer-associate-professor-professor-early-childhood-development-ba-isago-university/,LECTURER/SENIOR LECTURER/ASSOCIATE PROFESSOR/PROFESSOR – EARLY CHILDHOOD DEVELOPMENT – BA ISAGO University,BA ISAGO University,posted,2026-07-11T10:33:33.952480,611.0
327b150cd97e2b80,https://jobsbotswana.info/jobs/lecturer-senior-lecturer-associate-professor-professor-economics-ba-isago-university/,LECTURER/SENIOR LECTURER/ASSOCIATE PROFESSOR/PROFESSOR – ECONOMICS – BA ISAGO University,BA ISAGO University,posted,2026-07-11T10:33:49.961792,613.0
28c32423e6b12d6c,https://jobsbotswana.info/jobs/lecturer-senior-lecturer-associate-professor-professor-entrepreneurship-ba-isago-university/,LECTURER/SENIOR LECTURER/ASSOCIATE PROFESSOR/PROFESSOR – ENTREPRENEURSHIP – BA ISAGO University,BA ISAGO University,posted,2026-07-11T10:34:06.703282,615.0
c759bed8b65515b2,https://jobsbotswana.info/jobs/lecturer-senior-lecturer-associate-professor-professor-financial-engineering-ba-isago-university/,LECTURER/SENIOR LECTURER/ASSOCIATE PROFESSOR/PROFESSOR – FINANCIAL ENGINEERING – BA ISAGO University,BA ISAGO University,posted,2026-07-11T10:34:25.131291,617.0
3fbc18ff83ecfa47,https://jobsbotswana.info/jobs/lecturer-senior-lecturer-associate-professor-professor-gender-and-transformation-ba-isago-university/,LECTURER/SENIOR LECTURER/ASSOCIATE PROFESSOR/PROFESSOR – GENDER AND TRANSFORMATION – BA ISAGO University,BA ISAGO University,posted,2026-07-11T10:34:44.888592,619.0
d1c6cd1426754df6,https://jobsbotswana.info/jobs/lecturer-senior-lecturer-associate-professor-professor-general-education-ba-isago-university/,LECTURER/SENIOR LECTURER/ASSOCIATE PROFESSOR/PROFESSOR – GENERAL EDUCATION – BA ISAGO University,BA ISAGO University,posted,2026-07-11T10:35:03.616966,621.0
f0ba8f9f3b0d3528,https://jobsbotswana.info/jobs/lecturer-senior-lecturer-associate-professor-professor-general-management-ba-isago-university/,LECTURER/SENIOR LECTURER/ASSOCIATE PROFESSOR/PROFESSOR – GENERAL MANAGEMENT – BA ISAGO University,BA ISAGO University,posted,2026-07-11T10:35:22.508516,623.0
0e9dfc19f9fa95ee,https://jobsbotswana.info/jobs/lecturer-senior-lecturer-associate-professor-professor-hospitality-management-ba-isago-university/,LECTURER/SENIOR LECTURER/ASSOCIATE PROFESSOR/PROFESSOR – HOSPITALITY MANAGEMENT – BA ISAGO University,BA ISAGO University,posted,2026-07-11T10:35:42.108582,625.0
f3fe54dbd094347a,https://jobsbotswana.info/jobs/lecturer-senior-lecturer-associate-professor-professor-information-technology-ba-isago-university/,LECTURER/SENIOR LECTURER/ASSOCIATE PROFESSOR/PROFESSOR – INFORMATION TECHNOLOGY – BA ISAGO University,BA ISAGO University,posted,2026-07-11T10:36:00.098644,627.0
7a57f353a219bb64,https://jobsbotswana.info/jobs/lecturer-senior-lecturer-associate-professor-professor-investment-management-ba-isago-university/,LECTURER/SENIOR LECTURER/ASSOCIATE PROFESSOR/PROFESSOR – INVESTMENT MANAGEMENT – BA ISAGO University,BA ISAGO University,posted,2026-07-11T10:36:17.381016,629.0
06acf8166b11cc9c,https://jobsbotswana.info/jobs/lecturer-senior-lecturer-associate-professor-professor-landscape-architecture-ba-isago-university/,LECTURER/SENIOR LECTURER/ASSOCIATE PROFESSOR/PROFESSOR – LANDSCAPE ARCHITECTURE – BA ISAGO University,BA ISAGO University,posted,2026-07-11T10:36:36.666083,631.0
9ec09ba443e3105a,https://jobsbotswana.info/jobs/lecturer-senior-lecturer-associate-professor-professor-law-and-paralegal-studies-ba-isago-university/,LECTURER/SENIOR LECTURER/ASSOCIATE PROFESSOR/PROFESSOR – LAW AND PARALEGAL STUDIES – BA ISAGO University,BA ISAGO University,posted,2026-07-11T10:36:57.751504,633.0
bb64924eb98748e3,https://jobsbotswana.info/jobs/lecturer-senior-lecturer-associate-professor-professor-law-and-public-administration-ba-isago-university/,LECTURER/SENIOR LECTURER/ASSOCIATE PROFESSOR/PROFESSOR – LAW AND PUBLIC ADMINISTRATION – BA ISAGO University,BA ISAGO University,posted,2026-07-11T10:37:28.005499,635.0
3f4e389bb991f6f4,https://jobsbotswana.info/jobs/lecturer-senior-lecturer-associate-professor-professor-marketing-management-ba-isago-university/,LECTURER/SENIOR LECTURER/ASSOCIATE PROFESSOR/PROFESSOR – MARKETING MANAGEMENT – BA ISAGO University,BA ISAGO University,posted,2026-07-11T10:37:45.058688,637.0
acc4e776b7c28664,https://jobsbotswana.info/jobs/lecturer-senior-lecturer-associate-professor-professor-quantity-surveying-ba-isago-university/,LECTURER/SENIOR LECTURER/ASSOCIATE PROFESSOR/PROFESSOR – QUANTITY SURVEYING – BA ISAGO University,BA ISAGO University,posted,2026-07-11T10:38:03.342821,639.0
86d9d29b1e9efa1a,https://jobsbotswana.info/jobs/lecturer-senior-lecturer-associate-professor-professor-real-estate-management-ba-isago-university/,LECTURER/SENIOR LECTURER/ASSOCIATE PROFESSOR/PROFESSOR – REAL ESTATE MANAGEMENT – BA ISAGO University,BA ISAGO University,posted,2026-07-11T10:38:22.585372,641.0
c1b4803ec1aea9d6,https://jobsbotswana.info/jobs/lecturer-senior-lecturer-associate-professor-professor-risk-management-and-insurance-ba-isago-university/,LECTURER/SENIOR LECTURER/ASSOCIATE PROFESSOR/PROFESSOR – RISK MANAGEMENT AND INSURANCE – BA ISAGO University,BA ISAGO University,posted,2026-07-11T10:38:38.253312,643.0
736cdc803f351e1e,https://jobsbotswana.info/jobs/lecturer-senior-lecturer-associate-professor-professor-safety-management-ba-isago-university/,LECTURER/SENIOR LECTURER/ASSOCIATE PROFESSOR/PROFESSOR – SAFETY MANAGEMENT – BA ISAGO University,BA ISAGO University,posted,2026-07-11T10:38:56.541785,645.0
d4ed5b3a43965b24,https://jobsbotswana.info/jobs/lecturer-senior-lecturer-associate-professor-professor-security-management-ba-isago-university/,LECTURER/SENIOR LECTURER/ASSOCIATE PROFESSOR/PROFESSOR – SECURITY MANAGEMENT – BA ISAGO University,BA ISAGO University,posted,2026-07-11T10:39:12.935837,647.0
edcf390ca70b8603,https://jobsbotswana.info/jobs/lecturer-senior-lecturer-associate-professor-professor-strategic-management-ba-isago-university/,LECTURER/SENIOR LECTURER/ASSOCIATE PROFESSOR/PROFESSOR – STRATEGIC MANAGEMENT – BA ISAGO University,BA ISAGO University,posted,2026-07-11T10:39:29.739426,649.0
647a8a2f59e3b4d8,https://jobsbotswana.info/jobs/lecturer-senior-lecturer-associate-professor-professor-transport-and-logistics-ba-isago-university/,LECTURER/SENIOR LECTURER/ASSOCIATE PROFESSOR/PROFESSOR – TRANSPORT AND LOGISTICS – BA ISAGO University,BA ISAGO University,posted,2026-07-11T10:39:48.206268,651.0
8c7377d15c11df39,https://jobsbotswana.info/jobs/senior-lecturer-professor-doctor-of-philosophy-in-business-management-ba-isago-university/,SENIOR LECTURER / PROFESSOR – DOCTOR OF PHILOSOPHY IN BUSINESS MANAGEMENT – BA ISAGO University,BA ISAGO University,posted,2026-07-11T10:40:07.572540,653.0
5b3ff94495c2a1b0,https://jobsbotswana.info/jobs/she-officer/,SHE Officer,Jobs Botswana,posted,2026-07-11T10:40:25.533943,654.0
1bd1a40922f19ca8,https://jobsbotswana.info/jobs/site-agent/,Site Agent,Jobs Botswana,posted,2026-07-11T10:40:41.422448,655.0
4b4aff409e6c04b5,https://jobsbotswana.info/jobs/aml-analyst-x2-first-capital-bank/,AML ANALYST (X2) – First Capital Bank,First Capital Bank,posted,2026-07-11T16:14:36.439805,657.0
1e60383c7f535d16,https://jobsbotswana.info/jobs/aml-analyst-first-capital-bank/,AML ANALYST – First Capital Bank,First Capital Bank,posted,2026-07-13T06:41:49.944282,711.0
4c9c07376728f2d0,https://jobsbotswana.info/jobs/bill-auditor-day-hospital/,BILL AUDITOR – Day Hospital,Day Hospital,posted,2026-07-13T06:42:01.784928,659.0
cc86a361da180064,https://jobsbotswana.info/jobs/billing-and-registration-clerk-day-hospital/,BILLING AND REGISTRATION CLERK – Day Hospital,Day Hospital,posted,2026-07-13T06:42:22.198514,713.0
36182553f80de999,https://jobsbotswana.info/jobs/case-manager-day-hospital/,CASE MANAGER – Day Hospital,Day Hospital,posted,2026-07-13T06:42:41.674464,715.0
42fcf84b60d646f8,https://jobsbotswana.info/jobs/cleaner-housekeeping-day-hospital/,CLEANER (HOUSEKEEPING) – Day Hospital,Day Hospital,posted,2026-07-13T06:42:59.945345,717.0
b9dbdac1d5d72321,https://jobsbotswana.info/jobs/cssd-supervisor-day-hospital/,CSSD SUPERVISOR – Day Hospital,Day Hospital,posted,2026-07-13T06:43:19.599140,719.0
574390b1514539f7,https://jobsbotswana.info/jobs/debtors-clerk-day-hospital/,DEBTORS CLERK – Day Hospital,Day Hospital,posted,2026-07-13T06:43:38.263222,721.0
7c77a73413906385,https://jobsbotswana.info/jobs/departmental-stock-controller-day-hospital/,DEPARTMENTAL STOCK CONTROLLER – Day Hospital,Day Hospital,posted,2026-07-13T06:43:56.897725,723.0
cc2ff1b9a92e8931,https://jobsbotswana.info/jobs/diagnostic-radiographer-day-hospital/,DIAGNOSTIC RADIOGRAPHER – Day Hospital,Day Hospital,posted,2026-07-13T06:44:10.103264,673.0
d8380ad62752f98d,https://jobsbotswana.info/jobs/driver-day-hospital/,DRIVER – Day Hospital,Day Hospital,posted,2026-07-13T06:44:28.169430,725.0
7a6fa155cd4bfb5b,https://jobsbotswana.info/jobs/health-information-medical-records-administrator-day-hospital/,HEALTH INFORMATION & MEDICAL RECORDS ADMINISTRATOR – Day Hospital,Day Hospital,posted,2026-07-13T06:44:45.668239,727.0
f1208552af8833e9,https://jobsbotswana.info/jobs/health-information-systems-it-administrator-day-hospital/,HEALTH INFORMATION SYSTEMS & IT ADMINISTRATOR – Day Hospital,Day Hospital,posted,2026-07-13T06:44:57.066026,679.0
8f94657f2522bfa4,https://jobsbotswana.info/jobs/healthcare-auxiliary-day-hospital-botswana-day-hospital/,HEALTHCARE AUXILIARY — DAY HOSPITAL (BOTSWANA) – Day Hospital,Day Hospital,posted,2026-07-13T06:45:10.124969,681.0
6dd33c727636cac9,https://jobsbotswana.info/jobs/hospital-porter-concierge-day-hospital/,HOSPITAL PORTER & CONCIERGE – Day Hospital,Day Hospital,posted,2026-07-13T06:45:26.987106,729.0
f654ba36b4930b94,https://jobsbotswana.info/jobs/medical-compliance-officer-day-hospital/,MEDICAL COMPLIANCE OFFICER – Day Hospital,Day Hospital,posted,2026-07-13T06:45:48.877977,731.0
3c8d744f83a70b9c,https://jobsbotswana.info/jobs/medical-laboratory-scientist-day-hospital/,MEDICAL LABORATORY SCIENTIST – Day Hospital,Day Hospital,posted,2026-07-13T06:46:08.220030,733.0
cf17cc6728b4f6b7,https://jobsbotswana.info/jobs/medical-laboratory-technician-day-hospital/,MEDICAL LABORATORY TECHNICIAN – Day Hospital,Day Hospital,posted,2026-07-13T06:46:21.523009,689.0
85899bb6ad1e0aee,https://jobsbotswana.info/jobs/medical-officer-emergency-department-day-hospital/,MEDICAL OFFICER — EMERGENCY DEPARTMENT – Day Hospital,Day Hospital,posted,2026-07-13T06:46:33.506772,691.0
af9c80957cbf3daa,https://jobsbotswana.info/jobs/multiple-vacancies-26-roles-remmogo-day-hospital/,MULTIPLE VACANCIES (26 ROLES) – Remmogo Day Hospital,Remmogo Day Hospital,posted,2026-07-13T06:46:53.467633,735.0
6bcc165e3102984f,https://jobsbotswana.info/jobs/night-duty-supervisor-day-hospital/,NIGHT DUTY SUPERVISOR – Day Hospital,Day Hospital,posted,2026-07-13T06:47:13.331404,737.0
f5a13439ea3a8e00,https://jobsbotswana.info/jobs/nursing-matron-director-of-nursing-services-day-hospital/,NURSING MATRON (DIRECTOR OF NURSING SERVICES) – Day Hospital,Day Hospital,posted,2026-07-13T06:47:25.686994,695.0
76ec8a833a65b77f,https://jobsbotswana.info/jobs/paramedic-day-hospital/,PARAMEDIC – Day Hospital,Day Hospital,posted,2026-07-13T06:47:43.527541,739.0
4e5a33dce9c2da79,https://jobsbotswana.info/jobs/pharmacist-day-hospital/,PHARMACIST – Day Hospital,Day Hospital,posted,2026-07-13T06:47:54.321789,699.0
9ceffa3a0d5be689,https://jobsbotswana.info/jobs/pharmacy-technician-day-hospital/,PHARMACY TECHNICIAN – Day Hospital,Day Hospital,posted,2026-07-13T06:48:12.213425,741.0
74f9d08129f35bea,https://jobsbotswana.info/jobs/phlebotomist-day-hospital/,PHLEBOTOMIST – Day Hospital,Day Hospital,posted,2026-07-13T06:48:24.480334,703.0
b638e1f5237db139,https://jobsbotswana.info/jobs/registered-nurse-non-surgical-day-hospital/,REGISTERED NURSE — NON-SURGICAL – Day Hospital,Day Hospital,posted,2026-07-13T06:48:41.611321,743.0
6695d60ddb2f7269,https://jobsbotswana.info/jobs/registered-nurse-surgical-day-hospital-day-hospital/,REGISTERED NURSE — SURGICAL — DAY HOSPITAL – Day Hospital,Day Hospital,posted,2026-07-13T06:49:00.824538,745.0
e32fa7159dc74f80,https://jobsbotswana.info/jobs/registered-physiotherapist-day-hospital/,REGISTERED PHYSIOTHERAPIST – Day Hospital,Day Hospital,posted,2026-07-13T06:49:11.719559,709.0
2ab90be9de1b8f7d,https://jobsbotswana.info/jobs/various-vacancies-healthcare-administration-support-staff-remmogo-day-hospital/,"VARIOUS VACANCIES (HEALTHCARE, ADMINISTRATION & SUPPORT STAFF) – Remmogo Day Hospital",Remmogo Day Hospital,posted,2026-07-13T06:49:30.549104,747.0
f9175ae984cc7cf7,https://jobsbotswana.info/jobs/a-supplies-contract-for-supply-and-delivery-of-beans-for-north-west-district-council-primary-schools-north-west-district-council/,A SUPPLIES CONTRACT FOR SUPPLY AND DELIVERY OF BEANS FOR NORTH WEST DISTRICT COUNCIL PRIMARY SCHOOLS – North West District Council,North West District Council,posted,2026-07-15T06:00:44.219173,749.0
ba61cc6bfedd4e39,https://jobsbotswana.info/jobs/a-works-contract-for-the-procurement-delivery-and-installation-of-photovoltaic-systems-in-the-north-west-district-council-north-west-district-council-2/,"A WORKS CONTRACT FOR THE PROCUREMENT, DELIVERY AND INSTALLATION OF PHOTOVOLTAIC SYSTEMS IN THE NORTH WEST DISTRICT COUNCIL – North West District Council",NORTH WEST DISTRICT COUNCIL,posted,2026-07-15T06:01:21.339587,751.0
3f302306c8180143,https://jobsbotswana.info/jobs/accounts-officer-pholong-centre-for-kidney-and-dialysis-2/,ACCOUNTS OFFICER – Pholong Centre for Kidney and Dialysis,Pholong Centre for Kidney and Dialysis,posted,2026-07-15T06:01:40.836746,753.0
20cd8746d6405bd1,https://jobsbotswana.info/jobs/actuarial-assistant-valuation-hollard-botswana/,ACTUARIAL ASSISTANT – VALUATION – Hollard Botswana,Hollard Botswana,posted,2026-07-15T06:01:58.338785,755.0
2eb0730f7b646375,https://jobsbotswana.info/jobs/airbnb-property-manager-airbnb/,AIRBNB PROPERTY MANAGER – Airbnb,Airbnb,posted,2026-07-15T06:02:17.109180,757.0
ee92387aa4cfa5e9,https://jobsbotswana.info/jobs/ambulance-driver-ministry-of-health/,AMBULANCE DRIVER – Ministry of Health,Ministry of Health,posted,2026-07-15T06:02:32.885135,758.0
9046049a69a3be3e,https://jobsbotswana.info/jobs/ambulance-driver-tutume-primary-hospital/,AMBULANCE DRIVER – Tutume Primary Hospital,Tutume Primary Hospital,posted,2026-07-15T06:02:53.579379,760.0
7dad1afeaaf8ce48,https://jobsbotswana.info/jobs/beauty-therapist-dr-gure-wellness-spa/,BEAUTY THERAPIST – Dr Gure Wellness Spa,Dr Gure Wellness Spa,posted,2026-07-15T06:03:13.374475,762.0
548e5522e70f8a1c,https://jobsbotswana.info/jobs/boiler-and-workshop-functional-expert-northern-textile-mills-botswana/,BOILER AND WORKSHOP FUNCTIONAL EXPERT – Northern Textile Mills Botswana,NORTHERN TEXTILE MILLS BOTSWANA,posted,2026-07-15T06:03:31.738084,764.0
2fd81a218970af3d,https://jobsbotswana.info/jobs/brand-ambassador-frokane-investments/,BRAND AMBASSADOR – Frokane Investments,Frokane Investments,posted,2026-07-15T06:03:48.737095,766.0
a51c2ea9581df390,https://jobsbotswana.info/jobs/chief-operating-officer-chobe-marina-lodge/,CHIEF OPERATING OFFICER – Chobe Marina Lodge,Chobe Marina Lodge,posted,2026-07-15T06:04:10.155823,768.0
ddef6cd05e247895,https://jobsbotswana.info/jobs/chief-talent-director-ctd-chief-commercial-director-ccd-pula-models-botswana/,CHIEF TALENT DIRECTOR (CTD) & CHIEF COMMERCIAL DIRECTOR (CCD) – Pula Models Botswana,Pula Models Botswana,posted,2026-07-15T06:04:27.065583,770.0
e481da4a89fdb3b7,https://jobsbotswana.info/jobs/class-teachers-lower-and-upper-primary-eastern-gate-academy-primary/,CLASS TEACHERS (LOWER AND UPPER PRIMARY) – Eastern Gate Academy PRIMARY,Eastern Gate Academy PRIMARY,posted,2026-07-15T06:04:44.629740,772.0
e3bf0e62bf4c4fae,https://jobsbotswana.info/jobs/co-opted-members-of-board-committees-air-botswana-corporation/,CO-OPTED MEMBERS OF BOARD COMMITTEES – Air Botswana Corporation,Air Botswana Corporation,posted,2026-07-15T06:05:06.227849,774.0
9741918b4243204a,https://jobsbotswana.info/jobs/credit-officer-babereki-saccos-2/,CREDIT OFFICER – Babereki SACCOS,Babereki SACCOS,posted,2026-07-15T06:05:27.639393,776.0
2545050bf39337bd,https://jobsbotswana.info/jobs/digital-marketing-officer-museum-cafe-2/,DIGITAL MARKETING OFFICER – Museum Café,MUSEUM CAFÉ,posted,2026-07-15T06:05:48.262365,778.0
082e8353651443e4,https://jobsbotswana.info/jobs/driver-ii-ministry-of-child-welfare-basic-education/,DRIVER II – Ministry of Child Welfare & Basic Education,Ministry of Child Welfare & Basic Education,posted,2026-07-15T06:06:07.224897,780.0
d4a4e1db9c0efa9f,https://jobsbotswana.info/jobs/driver-tutume-primary-hospital/,DRIVER – Tutume Primary Hospital,Tutume Primary Hospital,posted,2026-07-15T06:06:24.675639,782.0
e6a72c117e2796e3,https://jobsbotswana.info/jobs/expression-of-interest-registration-of-accommodation-houses-flats-town-houses-north-west-district-council/,EXPRESSION OF INTEREST: REGISTRATION OF ACCOMMODATION (HOUSES/FLATS/TOWN HOUSES) – North West District Council,North West District Council,posted,2026-07-15T06:06:44.962841,784.0
1cf84265200baddf,https://jobsbotswana.info/jobs/finance-manager-okavango-diamond-company/,FINANCE MANAGER – Okavango Diamond Company,Okavango Diamond Company,posted,2026-07-15T06:07:06.118793,786.0
36d9e71de91f6151,https://jobsbotswana.info/jobs/freelance-camp-assistant-waiter-waitress-housekeeper-chef-safari-addicts-journeys/,"FREELANCE CAMP ASSISTANT (WAITER/WAITRESS, HOUSEKEEPER & CHEF) – Safari Addicts Journeys",Safari Addicts Journeys,posted,2026-07-15T06:07:25.528816,788.0
d9b296946a66880f,https://jobsbotswana.info/jobs/full-time-senior-lecturer-lecturer-school-of-computing-and-information-systems-botswana-school-of-business-sciences/,FULL-TIME SENIOR LECTURER/LECTURER – SCHOOL OF COMPUTING AND INFORMATION SYSTEMS – Botswana School of Business Sciences,Botswana School of Business Sciences,posted,2026-07-15T06:07:41.887071,790.0
0922726bfceae842,https://jobsbotswana.info/jobs/full-time-senior-lecturer-lecturer-school-of-computing-information-systems-botswana-school-of-business-sciences/,FULL-TIME SENIOR LECTURER/LECTURER – SCHOOL OF COMPUTING & INFORMATION SYSTEMS – Botswana School of Business Sciences,Botswana School of Business Sciences,posted,2026-07-15T06:07:59.834593,792.0
26f8536f036ab0dd,https://jobsbotswana.info/jobs/fund-manager-financial-structuring-specialist-confiance-consultancy-pty-ltd/,FUND MANAGER & FINANCIAL STRUCTURING SPECIALIST – Confiance Consultancy Pty Ltd,CONFIANCE CONSULTANCY PTY LTD,posted,2026-07-15T06:08:23.092449,794.0
dcf5fea651f90260,https://jobsbotswana.info/jobs/general-manager-museum-cafe-museum-cafe/,GENERAL MANAGER – MUSEUM CAFÉ – Museum Café,Museum Café,posted,2026-07-15T06:08:39.941212,795.0
ff9953d99bcf1c7e,https://jobsbotswana.info/jobs/general-manager-museum-cafe/,GENERAL MANAGER – Museum Café,Museum Café,posted,2026-07-15T06:08:57.178836,797.0
b9a8cf479aacb529,https://jobsbotswana.info/jobs/general-nurse-midwife-government-of-botswana/,GENERAL NURSE / MIDWIFE – Government of Botswana,Government of Botswana,posted,2026-07-15T06:09:14.921997,799.0
5ebf4769c89e11ab,https://jobsbotswana.info/jobs/grade-3-teacher-and-mathematics-physics-teacher-secondary-pioneer-academy/,GRADE 3 TEACHER AND MATHEMATICS & PHYSICS TEACHER (SECONDARY) – Pioneer Academy,PIONEER ACADEMY,posted,2026-07-15T06:09:30.653621,801.0
eb420931c15bec0f,https://jobsbotswana.info/jobs/gymnastics-coaches-propellers-sports-academy-pty-ltd/,GYMNASTICS COACHES – Propellers Sports Academy (Pty) Ltd,Propellers Sports Academy (Pty) Ltd,posted,2026-07-15T06:09:53.066278,803.0
d33ee8d4b9a94244,https://jobsbotswana.info/jobs/head-of-programmes-and-advocacy-lesbians-gays-and-bisexuals-of-botswana-legabibo/,"HEAD OF PROGRAMMES AND ADVOCACY – Lesbians, Gays and Bisexuals of Botswana (LEGABIBO)","Lesbians, Gays and Bisexuals of Botswana (LEGABIBO)",posted,2026-07-15T06:10:12.392255,805.0
5d11f52fd8be47e4,https://jobsbotswana.info/jobs/head-of-programmes-lesbians-gays-and-bisexuals-of-botswana/,"HEAD OF PROGRAMMES – Lesbians, Gays and Bisexuals of Botswana","LESBIANS, GAYS AND BISEXUALS OF BOTSWANA",posted,2026-07-15T06:10:32.309186,807.0
ddb763e6defa2231,https://jobsbotswana.info/jobs/human-resource-assistant-wdm-botswana/,HUMAN RESOURCE ASSISTANT – WDM Botswana,WDM Botswana,posted,2026-07-15T06:10:50.929590,809.0
83fcdd826228d5f4,https://jobsbotswana.info/jobs/igcse-high-school-chemistry-and-physics-teacher-morula-school/,IGCSE HIGH SCHOOL CHEMISTRY AND PHYSICS TEACHER – Morula School,Morula School,posted,2026-07-15T06:11:06.544686,810.0
c546ece836110bcd,https://jobsbotswana.info/jobs/internship-opportunities-motswedi-saccos/,INTERNSHIP OPPORTUNITIES – Motswedi SACCOS,Motswedi SACCOS,posted,2026-07-15T06:11:26.674938,812.0
5a2130204f47f5c5,https://jobsbotswana.info/jobs/investments-intern-morula-capital-partners/,INVESTMENTS INTERN – Morula Capital Partners,Morula Capital Partners,posted,2026-07-15T06:11:44.765186,814.0
16939a36ae063c49,https://jobsbotswana.info/jobs/investments-intern-x2-morula-capital-partners/,INVESTMENTS INTERN (X2) – Morula Capital Partners,Morula Capital Partners,posted,2026-07-15T06:12:05.465550,816.0
0281c2b363b77ec1,https://jobsbotswana.info/jobs/lecturers-full-time-part-time-student-support-and-welfare-intern-botswana-school-of-business-sciences/,LECTURERS (FULL-TIME/PART-TIME) & STUDENT SUPPORT AND WELFARE INTERN – Botswana School of Business Sciences,Botswana School of Business Sciences,posted,2026-07-15T06:12:22.583481,818.0
170d35e1783c45bb,https://jobsbotswana.info/jobs/loans-assistant-babereki-saccos/,LOANS ASSISTANT – Babereki SACCOS,Babereki SACCOS,posted,2026-07-15T06:12:40.489520,820.0
e530ba3c9468d604,https://jobsbotswana.info/jobs/management-accountant-brastorne-2/,MANAGEMENT ACCOUNTANT – Brastorne,Brastorne,posted,2026-07-15T06:12:58.542227,822.0
401edafffa8d3251,https://jobsbotswana.info/jobs/member-trustee-on-the-board-of-trustees-the-alexander-forbes-beneficiary-fund-afbf/,MEMBER TRUSTEE ON THE BOARD OF TRUSTEES – The Alexander Forbes Beneficiary Fund (AFBF),The Alexander Forbes Beneficiary Fund (AFBF),posted,2026-07-15T06:13:18.380898,824.0
5c7083b37a5c3f7f,https://jobsbotswana.info/jobs/nurse-midwife-botswana-government/,NURSE / MIDWIFE – Botswana Government,Botswana Government,posted,2026-07-15T06:13:35.491356,826.0
2f46e35b57db02c2,https://jobsbotswana.info/jobs/ophthalmologist-vitreoretinal-surgeon-medlane-day-hospital/,OPHTHALMOLOGIST (VITREORETINAL SURGEON) – Medlane Day Hospital,Medlane Day Hospital,posted,2026-07-15T06:13:53.830230,828.0
44b74ac6cc6706d5,https://jobsbotswana.info/jobs/part-time-information-technology-lecturer-gips/,PART-TIME INFORMATION TECHNOLOGY LECTURER – Gips,GIPS,posted,2026-07-15T06:14:07.956484,829.0
667bd3f34b98ee76,https://jobsbotswana.info/jobs/part-time-lecturers-school-of-business-and-leisure-botswana-school-of-business-sciences/,"PART-TIME LECTURERS, SCHOOL OF BUSINESS AND LEISURE – Botswana School of Business Sciences",Botswana School of Business Sciences,posted,2026-07-15T06:14:29.191155,831.0
e9f3cfc41baafc7a,https://jobsbotswana.info/jobs/part-time-lecturers-school-of-computing-information-systems-botswana-school-of-business-sciences/,"PART-TIME LECTURERS, SCHOOL OF COMPUTING & INFORMATION SYSTEMS – Botswana School of Business Sciences",Botswana School of Business Sciences,posted,2026-07-15T06:14:47.729494,833.0
7e0c97ff9996dbd4,https://jobsbotswana.info/jobs/people-partner-gaborone-international-school/,PEOPLE PARTNER – Gaborone International School,Gaborone International School,posted,2026-07-15T06:15:08.233242,835.0
0da9f30788794eb5,https://jobsbotswana.info/jobs/plumber-gilda-property-group-2/,PLUMBER – Gilda Property Group,Gilda Property Group,posted,2026-07-15T06:15:24.951100,837.0
369b242130cd7be9,https://jobsbotswana.info/jobs/primary-secondary-level-teachers-kopano-school/,PRIMARY & SECONDARY LEVEL TEACHERS – Kopano School,Kopano School,posted,2026-07-15T06:15:44.183206,839.0
42d5f450e48590bb,https://jobsbotswana.info/jobs/programme-advocacy-manager-incomplete-flyer-lesbians-gays-and-bisexuals-of-botswana-legabibo/,"PROGRAMME / ADVOCACY MANAGER (INCOMPLETE FLYER) – Lesbians, Gays and Bisexuals of Botswana (LEGABIBO)","Lesbians, Gays and Bisexuals of Botswana (LEGABIBO)",posted,2026-07-15T06:16:03.011199,841.0
7f2bfef76a3110fa,https://jobsbotswana.info/jobs/programmes-manager-lesbians-gays-and-bisexuals-of-botswana/,"PROGRAMMES MANAGER – Lesbians, Gays and Bisexuals of Botswana","Lesbians, Gays and Bisexuals of Botswana",posted,2026-07-15T06:16:21.710192,843.0
a3c0509ea94f91b4,https://jobsbotswana.info/jobs/property-manager-airbnb/,PROPERTY MANAGER – Airbnb,Airbnb,posted,2026-07-15T06:16:37.960778,845.0
215c005055f0842d,https://jobsbotswana.info/jobs/provision-of-comprehensive-recalibration-of-ifrs-9-expected-credit-loss-models-and-portfolio-segmentation-phase-2-citizen-entrepreneurial-development-agency/,PROVISION OF COMPREHENSIVE RECALIBRATION OF IFRS 9 EXPECTED CREDIT LOSS MODELS AND PORTFOLIO SEGMENTATION – PHASE 2 – Citizen Entrepreneurial Development Agency,Citizen Entrepreneurial Development Agency,posted,2026-07-15T06:16:54.819159,847.0
04e11f2e56714de6,https://jobsbotswana.info/jobs/provision-of-consultancy-services-for-the-risk-maturity-assessment-and-review-of-the-enterprise-risk-management-framework-botswana-oil-limited/,PROVISION OF CONSULTANCY SERVICES FOR THE RISK MATURITY ASSESSMENT AND REVIEW OF THE ENTERPRISE RISK MANAGEMENT FRAMEWORK – Botswana Oil Limited,Botswana Oil Limited,posted,2026-07-15T06:17:24.685491,849.0
eb48b2aa1c39776b,https://jobsbotswana.info/jobs/quantity-surveyor-kebo-holdings/,QUANTITY SURVEYOR – Kebo Holdings,Kebo Holdings,posted,2026-07-15T06:17:44.539672,851.0
0d88ee05552d83d5,https://jobsbotswana.info/jobs/registered-theatre-nurse-day-hospital-botswana-pty-ltd-t-a-medlane-day-hospital/,REGISTERED THEATRE NURSE – Day Hospital Botswana (Pty) Ltd t/a Medlane Day Hospital,Day Hospital Botswana (Pty) Ltd t/a Medlane Day Hospital,posted,2026-07-15T06:18:06.936928,853.0
3163936406beb9af,https://jobsbotswana.info/jobs/risk-compliance-intern-morula-capital-partners/,RISK & COMPLIANCE INTERN – Morula Capital Partners,Morula Capital Partners,posted,2026-07-15T06:18:25.081700,855.0
fa1c9064df4e259c,https://jobsbotswana.info/jobs/risk-compliance-intern-x1-morula-capital-partners/,RISK & COMPLIANCE INTERN (X1) – Morula Capital Partners,Morula Capital Partners,posted,2026-07-15T06:18:43.230894,857.0
d08d1084c5b526b7,https://jobsbotswana.info/jobs/sales-agent-stayapp/,SALES AGENT – StayApp,StayApp,posted,2026-07-15T06:18:59.742205,859.0
bb458101341caeaa,https://jobsbotswana.info/jobs/sales-lead-sales-person-social-light/,SALES LEAD / SALES PERSON – Social Light,Social Light,posted,2026-07-15T06:19:16.436032,861.0
21e350287599246d,https://jobsbotswana.info/jobs/sales-lead-sales-person-sociallight/,SALES LEAD / SALES PERSON – Sociallight,Sociallight,posted,2026-07-15T06:19:33.107624,863.0
be74580d2a53ba8c,https://jobsbotswana.info/jobs/sales-specialist-karmelia-group/,SALES SPECIALIST – Karmelia Group,Karmelia Group,posted,2026-07-15T06:19:53.360217,865.0
e1be96adb999b306,https://jobsbotswana.info/jobs/sales-specialist-x1-karmelia-group/,SALES SPECIALIST X1 – Karmelia Group,Karmelia Group,posted,2026-07-15T06:20:06.661802,865.0
494faf6de9a7901a,https://jobsbotswana.info/jobs/science-lecturers-anatomy-and-physiology-physics-microbiology-kanye-seventh-day-adventist-college-of-nursing/,SCIENCE LECTURERS (ANATOMY AND PHYSIOLOGY / PHYSICS / MICROBIOLOGY) – Kanye Seventh-Day Adventist College of Nursing,Kanye Seventh-Day Adventist College of Nursing,posted,2026-07-15T06:20:24.130261,866.0
89e63455517e99c1,https://jobsbotswana.info/jobs/strategy-manager-citizen-entrepreneurial-development-agency/,STRATEGY MANAGER – Citizen Entrepreneurial Development Agency,Citizen Entrepreneurial Development Agency,posted,2026-07-15T06:20:43.732532,868.0
ea891ea484ed7881,https://jobsbotswana.info/jobs/strategy-manager-litigation-officer-citizen-entrepreneurial-development-agency-ceda/,STRATEGY MANAGER & LITIGATION OFFICER – Citizen Entrepreneurial Development Agency (CEDA),Citizen Entrepreneurial Development Agency (CEDA),posted,2026-07-15T06:21:01.502008,870.0
6e04849c188aebe1,https://jobsbotswana.info/jobs/strategy-manager-litigation-officer-citizen-entrepreneurial-development-agency/,STRATEGY MANAGER / LITIGATION OFFICER – Citizen Entrepreneurial Development Agency,Citizen Entrepreneurial Development Agency,posted,2026-07-15T06:21:19.746042,872.0
b7cd082d63bef7ff,https://jobsbotswana.info/jobs/student-support-and-welfare-intern-botswana-school-of-business-sciences/,STUDENT SUPPORT AND WELFARE INTERN – Botswana School of Business Sciences,Botswana School of Business Sciences,posted,2026-07-15T06:21:37.189740,874.0
c63b59f6ade3cc06,https://jobsbotswana.info/jobs/supply-and-delivery-of-48-kg-refill-cylinder-cooking-gas-for-north-west-district-council-primary-schools-north-west-district-council/,SUPPLY AND DELIVERY OF 48 KG REFILL CYLINDER COOKING GAS FOR NORTH WEST DISTRICT COUNCIL PRIMARY SCHOOLS – North West District Council,North West District Council,posted,2026-07-15T06:21:54.364315,876.0
d02f89151d020310,https://jobsbotswana.info/jobs/temporary-principal-registered-nurse-nursing-officer-i-midwife-kgalagadi-north-district-council/,TEMPORARY PRINCIPAL REGISTERED NURSE/NURSING OFFICER I – (MIDWIFE) – Kgalagadi North District Council,Kgalagadi North District Council,posted,2026-07-15T06:22:10.928543,877.0
3f50956cf2a67cc3,https://jobsbotswana.info/jobs/temporary-principal-registred-nurse-nursing-officer-i-midwife-kgalagadi-north-district-council/,TEMPORARY PRINCIPAL REGISTRED NURSE/NURSING OFFICER I – (MIDWIFE) – Kgalagadi North District Council,Kgalagadi North District Council,posted,2026-07-15T06:22:27.184842,878.0
781774b19fa18c68,https://jobsbotswana.info/jobs/tender-no-nwdc-edu-18-2026-2027-a-supplies-contract-for-a-supply-and-delivery-of-48-kg-refill-cylinder-cooking-gas-for-north-west-district-council-primary-schools-north-west-district-council/,TENDER NO. NWDC/EDU/18/2026-2027 – A SUPPLIES CONTRACT FOR A SUPPLY AND DELIVERY OF 48 KG REFILL CYLINDER COOKING GAS FOR NORTH WEST DISTRICT COUNCIL PRIMARY SCHOOLS – North West District Council,North West District Council,posted,2026-07-15T06:22:42.738576,880.0
f2955f6bc476227a,https://jobsbotswana.info/jobs/a-supplies-contract-for-supply-and-delivery-of-building-and-electrical-materials-and-small-tools-north-west-district-council/,A SUPPLIES CONTRACT FOR SUPPLY AND DELIVERY OF BUILDING AND ELECTRICAL MATERIALS AND SMALL TOOLS – North West District Council,North West District Council,posted,2026-07-17T06:06:13.637886,881.0
fec5ba3317dd3bb9,https://jobsbotswana.info/jobs/a-supplies-contract-for-supply-and-delivery-of-white-maize-samp-and-sorghum-for-north-west-district-council-primary-schools-north-west-district-council/,A SUPPLIES CONTRACT FOR SUPPLY AND DELIVERY OF WHITE MAIZE SAMP AND SORGHUM FOR NORTH WEST DISTRICT COUNCIL PRIMARY SCHOOLS – North West District Council,North West District Council,posted,2026-07-17T06:06:29.948596,882.0
cfe0338a3429f8c5,https://jobsbotswana.info/jobs/a-works-contract-for-the-procurement-delivery-and-installation-of-photovoltaic-systems-in-the-north-west-district-council-north-west-district-council/,"A WORKS CONTRACT FOR THE PROCUREMENT, DELIVERY AND INSTALLATION OF PHOTOVOLTAIC SYSTEMS IN THE NORTH WEST DISTRICT COUNCIL – North West District Council",North West District Council,posted,2026-07-17T06:06:47.789442,884.0
87520a776e307914,https://jobsbotswana.info/jobs/accountant-fnb-first-national-bank/,ACCOUNTANT – FNB (First National Bank),FNB (First National Bank),posted,2026-07-17T06:07:06.740645,886.0
856f142b461cad5d,https://jobsbotswana.info/jobs/accounts-executive-marketing/,ACCOUNTS EXECUTIVE (MARKETING),Jobs Botswana,posted,2026-07-17T06:07:22.823047,887.0
27885222e58c69f7,https://jobsbotswana.info/jobs/accounts-officer-pholong-centre-for-kidney-and-dialysis/,ACCOUNTS OFFICER – Pholong Centre for Kidney and Dialysis,Pholong Centre for Kidney and Dialysis,posted,2026-07-17T06:07:40.718644,889.0
221767fab2d316b7,https://jobsbotswana.info/jobs/accounts-officer-pholong-centre-for-kidney-diseases-and-dialysis/,ACCOUNTS OFFICER – Pholong Centre for Kidney Diseases and Dialysis,Pholong Centre for Kidney Diseases and Dialysis,posted,2026-07-17T06:07:58.447600,891.0
8b128750c8bab733,https://jobsbotswana.info/jobs/all-rounder-receptionist-housekeeper-eunibot-guest-house/,ALL-ROUNDER (RECEPTIONIST & HOUSEKEEPER) – EuniBot Guest House,EuniBot Guest House,posted,2026-07-17T06:08:18.138826,893.0
99d6553a9076795f,https://jobsbotswana.info/jobs/area-manager-options-2/,AREA MANAGER – Options,Options,posted,2026-07-17T06:08:32.076055,57.0
2d6f9d72352f4dad,https://jobsbotswana.info/jobs/assistant-lodge-manager-dulini-daunara-botswana/,ASSISTANT LODGE MANAGER – Dulini Daunara Botswana,Dulini Daunara Botswana,posted,2026-07-17T06:08:50.629756,895.0
bbf0d6cecd2f96e6,https://jobsbotswana.info/jobs/assistant-lodge-manager-dulini/,ASSISTANT LODGE MANAGER – Dulini,Dulini,posted,2026-07-17T06:09:08.317852,897.0
e7974ec62fb89e41,https://jobsbotswana.info/jobs/assurance-clerk-fsg-assurance/,ASSURANCE CLERK – FSG Assurance,FSG Assurance,posted,2026-07-17T06:09:25.792224,899.0
f5b18a23b29abdbb,https://jobsbotswana.info/jobs/boiler-and-workshop-functional-expert-northern-textile-mills-bots-pty-ltd/,BOILER AND WORKSHOP FUNCTIONAL EXPERT – Northern Textile Mills (Bots) PTY LTD,Northern Textile Mills (Bots) PTY LTD,posted,2026-07-17T06:09:44.446796,901.0
502a9c02dcb75ae5,https://jobsbotswana.info/jobs/client-coverage-manager-standard-bank/,CLIENT COVERAGE MANAGER – Standard Bank,Standard Bank,posted,2026-07-17T06:10:06.106701,903.0
f08e55fab833191e,https://jobsbotswana.info/jobs/community-development-assistants-communication-public-relations-officers-data-entry-clerks-botswana-red-cross-society/,"COMMUNITY DEVELOPMENT ASSISTANTS, COMMUNICATION & PUBLIC RELATIONS OFFICERS, DATA ENTRY CLERKS – Botswana Red Cross Society",Botswana Red Cross Society,posted,2026-07-17T06:10:20.886198,904.0
41d3e10fd11a1ffc,https://jobsbotswana.info/jobs/corporate-institutional-sales-executive-fuel-business-apex-fuels-one-2/,CORPORATE/INSTITUTIONAL SALES EXECUTIVE (FUEL BUSINESS) – Apex Fuels One,Apex Fuels One,posted,2026-07-17T06:10:36.873431,905.0
3c0978d586453e83,https://jobsbotswana.info/jobs/credit-officer-babereki-saccos/,CREDIT OFFICER – Babereki SACCOS,Babereki SACCOS,posted,2026-07-17T06:10:55.526920,907.0
58fe4cdc17d3b5c4,https://jobsbotswana.info/jobs/customs-clearing-agent-transfrontier-logistics-botswana/,CUSTOMS CLEARING AGENT – TransFrontier Logistics Botswana,TransFrontier Logistics Botswana,posted,2026-07-17T06:11:10.719428,908.0
6a3256c320044a50,https://jobsbotswana.info/jobs/digital-marketing-officer-museum-cafe/,DIGITAL MARKETING OFFICER – Museum Café,Museum Café,posted,2026-07-17T06:11:26.861173,909.0
38190e79779bab63,https://jobsbotswana.info/jobs/dossier-assessor-x2-botswana-medicines-regulatory-authority/,DOSSIER ASSESSOR (X2) – Botswana Medicines Regulatory Authority,Botswana Medicines Regulatory Authority,posted,2026-07-17T06:11:45.448168,911.0
17eb017aceae7ed4,https://jobsbotswana.info/jobs/engineer-process-standard-bank-group/,"ENGINEER, PROCESS – Standard Bank Group",Standard Bank Group,posted,2026-07-17T06:12:05.355833,913.0
23ccb3c9762042fa,https://jobsbotswana.info/jobs/entrenchment-banker-standard-bank-group/,ENTRENCHMENT BANKER – Standard Bank Group,Standard Bank Group,posted,2026-07-17T06:12:23.195361,915.0
6d6927d173b25611,https://jobsbotswana.info/jobs/executive-director-sadc-humanitarian-emergency-operations-centre-shoc-sadc-secretariat/,EXECUTIVE DIRECTOR-SADC HUMANITARIAN & EMERGENCY OPERATIONS CENTRE (SHOC) – SADC Secretariat,SADC Secretariat,posted,2026-07-17T06:12:39.608183,917.0
859bc2da4f3588b4,https://jobsbotswana.info/jobs/finance-accountant-coca-cola-beverages-botswana/,FINANCE ACCOUNTANT – Coca-Cola Beverages Botswana,Coca-Cola Beverages Botswana,posted,2026-07-17T06:12:58.975150,919.0
69b9ce1971f8d84b,https://jobsbotswana.info/jobs/fire-alarm-technician-electro-fire-and-safety-systems/,FIRE ALARM TECHNICIAN – Electro Fire and Safety Systems,ELECTRO FIRE AND SAFETY SYSTEMS,posted,2026-07-17T06:13:14.288816,920.0
1cb3a65a6f830eb7,https://jobsbotswana.info/jobs/fulfilment-manager-fnb-first-national-bank/,FULFILMENT MANAGER – FNB (First National Bank),FNB (First National Bank),posted,2026-07-17T06:13:32.752912,922.0
ed031ad165590e47,https://jobsbotswana.info/jobs/global-markets-head-standard-bank/,GLOBAL MARKETS HEAD – Standard Bank,Standard Bank,posted,2026-07-17T06:13:48.584394,923.0
4cabc241913fa4aa,https://jobsbotswana.info/jobs/governance-specialist-undp-botswana/,GOVERNANCE SPECIALIST – UNDP Botswana,UNDP Botswana,posted,2026-07-17T06:14:07.147460,925.0
b192c3e9bd4e8b3f,https://jobsbotswana.info/jobs/governance-specialist-undp/,GOVERNANCE SPECIALIST – UNDP,UNDP,posted,2026-07-17T06:14:27.083284,927.0
c1ed3f5aa1cf8083,https://jobsbotswana.info/jobs/grade-3-teacher-mathematics-physics-teacher-secondary-pioneer-academy/,GRADE 3 TEACHER & MATHEMATICS & PHYSICS TEACHER (SECONDARY) – Pioneer Academy,Pioneer Academy,posted,2026-07-17T06:14:42.171031,929.0
4cd3a292bab74d00,https://jobsbotswana.info/jobs/group-technology-transformation-executive-old-mutual-financial-services-botswana/,GROUP TECHNOLOGY & TRANSFORMATION EXECUTIVE – Old Mutual Financial Services Botswana,Old Mutual Financial Services Botswana,posted,2026-07-17T06:15:05.603960,931.0
1fb95fc4a76453e5,https://jobsbotswana.info/jobs/head-core-operations-standard-bank-group/,"HEAD, CORE OPERATIONS – Standard Bank Group",Standard Bank Group,posted,2026-07-17T06:15:22.139529,933.0
9a4c1ca0e3231335,https://jobsbotswana.info/jobs/head-data-standard-bank-group/,"HEAD, DATA – Standard Bank Group",Standard Bank Group,posted,2026-07-17T06:15:40.174793,935.0
cf9fce5ce000c730,https://jobsbotswana.info/jobs/hsse-implementer-health-safety-security-environment-vivo-energy/,"HSSE IMPLEMENTER (HEALTH, SAFETY, SECURITY & ENVIRONMENT) – Vivo Energy",Vivo Energy,posted,2026-07-17T06:15:58.106605,937.0
4fce56b4ac87dd14,https://jobsbotswana.info/jobs/intern-partnerships-project-development-programme-support-unit-psu-iom-botswana-international-organization-for-migration-iom/,"INTERN — PARTNERSHIPS & PROJECT DEVELOPMENT, PROGRAMME SUPPORT UNIT (PSU) — IOM BOTSWANA – International Organization for Migration (IOM)",International Organization for Migration (IOM),posted,2026-07-17T06:16:15.920742,939.0
21d652dcc81c0df9,https://jobsbotswana.info/jobs/internal-developer-sociallight/,INTERNAL DEVELOPER – Sociallight,SOCIALLIGHT,posted,2026-07-17T06:16:32.483076,941.0
a25602187a5da166,https://jobsbotswana.info/jobs/invitation-to-tender-for-provision-of-asset-management-services-air-botswana-pension-fund/,INVITATION TO TENDER FOR PROVISION OF ASSET MANAGEMENT SERVICES – Air Botswana Pension Fund,Air Botswana Pension Fund,posted,2026-07-17T06:16:48.896996,942.0
8c4dea0922dff2dd,https://jobsbotswana.info/jobs/it-support-engineer-absa-bank/,IT SUPPORT ENGINEER – ABSA Bank,ABSA Bank,posted,2026-07-17T06:17:15.855417,944.0
a9c54907601624db,https://jobsbotswana.info/jobs/lodge-manager-back-of-house-dulini/,LODGE MANAGER (BACK OF HOUSE) – Dulini,Dulini,posted,2026-07-17T06:17:33.794372,946.0
fc1264ecd67fbed7,https://jobsbotswana.info/jobs/lodge-manager-front-of-house-dulini/,LODGE MANAGER (FRONT OF HOUSE) – Dulini,Dulini,posted,2026-07-17T06:17:52.198972,948.0
c51777fe4f6bde3f,https://jobsbotswana.info/jobs/loss-control-managers-sefalana-cash-carry-ltd/,LOSS CONTROL MANAGERS – Sefalana Cash & Carry Ltd,Sefalana Cash & Carry Ltd,posted,2026-07-17T06:18:11.834229,950.0
a1249082c2e83ff0,https://jobsbotswana.info/jobs/manager-relationship-agriculture-standard-bank/,"MANAGER, RELATIONSHIP, AGRICULTURE – Standard Bank",Standard Bank,posted,2026-07-17T06:18:31.239034,952.0
449930920731ab31,https://jobsbotswana.info/jobs/manager-relationship-standard-bank/,"MANAGER, RELATIONSHIP – Standard Bank",Standard Bank,posted,2026-07-17T06:18:50.907049,954.0
e18a35353ac39e40,https://jobsbotswana.info/jobs/manager-trade-working-capital-absa-bank/,MANAGER: TRADE & WORKING CAPITAL – ABSA Bank,ABSA Bank,posted,2026-07-17T06:19:09.640244,956.0
25b3698df87a975d,https://jobsbotswana.info/jobs/marketing-officer-paydiscount-stores-2/,MARKETING OFFICER – Paydiscount Stores,PAYDISCOUNT STORES,posted,2026-07-17T06:19:25.049511,957.0
cde32a0b1ec64a97,https://jobsbotswana.info/jobs/multiple-vacancies-clinical-nursing-allied-health-administrative-roles-remmogo-day-hospital/,"MULTIPLE VACANCIES (CLINICAL, NURSING, ALLIED HEALTH & ADMINISTRATIVE ROLES) – Remmogo Day Hospital",Remmogo Day Hospital,posted,2026-07-17T06:19:43.827553,959.0
185183d23a39314e,https://jobsbotswana.info/jobs/multiskilled-consultant-fnb-first-national-bank/,MULTISKILLED CONSULTANT – FNB (First National Bank),FNB (First National Bank),posted,2026-07-17T06:20:01.334322,961.0
d3d5f1b7bc010a90,https://jobsbotswana.info/jobs/officer-cadet-botswana-defence-force-3/,OFFICER CADET – Botswana Defence Force,Botswana Defence Force,posted,2026-07-17T06:20:13.651843,311.0
e5cc1cac8f95dc1e,https://jobsbotswana.info/jobs/officer-collateral-maintenance-standard-bank-group/,"OFFICER, COLLATERAL MAINTENANCE – Standard Bank Group",Standard Bank Group,posted,2026-07-17T06:20:32.015413,963.0
f29582fe4f1b7101,https://jobsbotswana.info/jobs/operational-compliance-officer-apex-fuels-one/,OPERATIONAL & COMPLIANCE OFFICER – Apex Fuels One,APEX FUELS ONE,posted,2026-07-17T06:20:51.536798,965.0
d943d6c330f19694,https://jobsbotswana.info/jobs/payments-manager-standard-bank-group/,PAYMENTS MANAGER – Standard Bank Group,Standard Bank Group,posted,2026-07-17T06:21:10.004926,967.0
4960c1694b06446b,https://jobsbotswana.info/jobs/personal-assistant/,PERSONAL ASSISTANT,Jobs Botswana,posted,2026-07-17T06:21:27.671791,968.0
4ddac37851d23540,https://jobsbotswana.info/jobs/plumber-gilda-property-group-3/,PLUMBER – Gilda Property Group,GILDA PROPERTY GROUP,posted,2026-07-17T06:21:39.330140,837.0
55ed3a8137018f68,https://jobsbotswana.info/jobs/primary-secondary-school-teachers-various-positions-kopano-school/,PRIMARY & SECONDARY SCHOOL TEACHERS (VARIOUS POSITIONS) – Kopano School,Kopano School,posted,2026-07-17T06:21:57.357050,970.0
05c5efed9dea6e18,https://jobsbotswana.info/jobs/program-officer-jhpiego/,PROGRAM OFFICER – Jhpiego,Jhpiego,posted,2026-07-17T06:22:15.024212,971.0
ecf9b2ed1271cecd,https://jobsbotswana.info/jobs/project-officer-advisor-giz/,PROJECT OFFICER / ADVISOR – GIZ,GIZ,posted,2026-07-17T06:22:33.405774,973.0
4de48d57e1411362,https://jobsbotswana.info/jobs/property-management-officer-property-administration-officer-hr-officer-ric-development-botswana-pty-ltd/,PROPERTY MANAGEMENT OFFICER / PROPERTY ADMINISTRATION OFFICER / HR OFFICER – Ric Development Botswana (Pty) Ltd,RIC DEVELOPMENT BOTSWANA (Pty) LTD,posted,2026-07-17T06:22:50.783529,975.0
fcd15905d22321f3,https://jobsbotswana.info/jobs/property-management-officer-property-administration-officer-ric-development-botswana-pty-ltd-2/,PROPERTY MANAGEMENT OFFICER & PROPERTY ADMINISTRATION OFFICER – Ric Development Botswana (Pty) Ltd,RIC DEVELOPMENT BOTSWANA (Pty) LTD,posted,2026-07-17T06:23:07.037225,977.0
0f02969f26692f99,https://jobsbotswana.info/jobs/property-management-officer-property-administration-officer-ric-development-botswana-pty-ltd/,PROPERTY MANAGEMENT OFFICER / PROPERTY ADMINISTRATION OFFICER – Ric Development Botswana (Pty) Ltd,RIC DEVELOPMENT BOTSWANA (Pty) LTD,posted,2026-07-17T06:23:23.009766,979.0
c5f3bf14f1eec490,https://jobsbotswana.info/jobs/provision-of-asset-management-services-air-botswana-pension-fund/,PROVISION OF ASSET MANAGEMENT SERVICES – Air Botswana Pension Fund,Air Botswana Pension Fund,posted,2026-07-17T06:23:38.229126,980.0
0003f6e025a29215,https://jobsbotswana.info/jobs/research-analyst-anti-money-laundering-aml-officer-mineral-resource-management-specialist-junior-business-data-analyst-minerals-development-company-botswana-mdcb/,RESEARCH ANALYST / ANTI-MONEY LAUNDERING (AML) OFFICER / MINERAL RESOURCE MANAGEMENT SPECIALIST / JUNIOR BUSINESS DATA ANALYST – Minerals Development Company Botswana (MDCB),Minerals Development Company Botswana (MDCB),posted,2026-07-17T06:23:53.822977,982.0
d7d19adbda9b43b0,https://jobsbotswana.info/jobs/research-analyst-anti-money-laundering-aml-officer-mineral-resource-management-specialist-junior-business-data-analyst-minerals-development-company-botswana-pty-ltd/,RESEARCH ANALYST / ANTI-MONEY LAUNDERING (AML) OFFICER / MINERAL RESOURCE MANAGEMENT SPECIALIST / JUNIOR BUSINESS DATA ANALYST – Minerals Development Company Botswana (Pty) Ltd,Minerals Development Company Botswana (Pty) Ltd,posted,2026-07-17T06:24:10.553821,984.0
f9b089b4ecf9675c,https://jobsbotswana.info/jobs/senior-civil-engineering-manager-geoflux-pty-ltd/,SENIOR CIVIL ENGINEERING MANAGER – Geoflux (Pty) Ltd,Geoflux (Pty) Ltd,posted,2026-07-17T06:24:28.770835,986.0
e48c052a1a25222b,https://jobsbotswana.info/jobs/senior-civil-engineering-manager-geoflux/,SENIOR CIVIL ENGINEERING MANAGER – Geoflux,Geoflux,posted,2026-07-17T06:24:45.601643,988.0
525c4877dd0e1326,https://jobsbotswana.info/jobs/senior-lecturer-lecturer-school-of-computing-and-information-systems-botswana-school-of-business-sciences/,SENIOR LECTURER / LECTURER – SCHOOL OF COMPUTING AND INFORMATION SYSTEMS – Botswana School of Business Sciences,Botswana School of Business Sciences,posted,2026-07-17T06:25:02.348121,990.0
ce93e49b44fd1c8e,https://jobsbotswana.info/jobs/site-supervisors-electro-fire-and-safety-systems/,SITE SUPERVISORS – Electro Fire and Safety Systems,Electro Fire and Safety Systems,posted,2026-07-17T06:25:16.812837,991.0
9f46ba8969bb09c7,https://jobsbotswana.info/jobs/specialist-operations-data-insights-standard-bank-group/,"SPECIALIST, OPERATIONS DATA & INSIGHTS – Standard Bank Group",Standard Bank Group,posted,2026-07-17T06:25:35.279013,993.0
f99859c3a4696e6f,https://jobsbotswana.info/jobs/storeman-x-2-botswana-ash-pty-ltd/,STOREMAN X 2 – Botswana Ash (Pty) Ltd,Botswana Ash (Pty) Ltd,posted,2026-07-17T06:25:53.610430,995.0
1a061a3e42892361,https://jobsbotswana.info/jobs/strategy-manager-litigation-officer-citizen-entrepreneurial-development-agency-ceda-2/,STRATEGY MANAGER / LITIGATION OFFICER – Citizen Entrepreneurial Development Agency (CEDA),Citizen Entrepreneurial Development Agency (CEDA),posted,2026-07-17T06:26:11.557950,997.0
b401d285fe2c08a6,https://jobsbotswana.info/jobs/supplier-registration-remmogo-day-hospital/,SUPPLIER REGISTRATION – Remmogo Day Hospital,Remmogo Day Hospital,posted,2026-07-17T06:26:27.262887,999.0
2c3f95e80f2d3211,https://jobsbotswana.info/jobs/supply-and-delivery-of-building-and-electrical-materials-and-small-tools-north-west-district-council/,SUPPLY AND DELIVERY OF BUILDING AND ELECTRICAL MATERIALS AND SMALL TOOLS – North West District Council,North West District Council,posted,2026-07-17T06:26:42.272836,1000.0
e0c59da6fa77f296,https://jobsbotswana.info/jobs/supply-of-fuel-and-the-provision-of-an-integrated-electronic-fuel-management-solution-to-botswana-fibre-networks-pty-ltd-for-a-period-of-sixty-60-months-botswana-fibre-networks-bofinet/,SUPPLY OF FUEL AND THE PROVISION OF AN INTEGRATED ELECTRONIC FUEL MANAGEMENT SOLUTION TO BOTSWANA FIBRE NETWORKS (PTY) LTD FOR A PERIOD OF SIXTY (60) MONTHS – Botswana Fibre Networks (BoFiNet),Botswana Fibre Networks (BoFiNet),posted,2026-07-17T06:26:57.648487,1001.0
b9fdd217b7f98aae,https://jobsbotswana.info/jobs/team-lead-customs-clearing-manager-transfrontier-logistics-botswana/,TEAM LEAD / CUSTOMS & CLEARING MANAGER – TransFrontier Logistics Botswana,TransFrontier Logistics Botswana,posted,2026-07-17T06:27:12.429235,1002.0
cc7637490a2cd314,https://jobsbotswana.info/jobs/tender-for-supply-and-delivery-of-white-maize-samp-and-sorghum-for-north-west-district-council-primary-schools-north-west-district-council/,TENDER FOR SUPPLY AND DELIVERY OF WHITE MAIZE SAMP AND SORGHUM FOR NORTH WEST DISTRICT COUNCIL PRIMARY SCHOOLS – North West District Council,North West District Council,posted,2026-07-17T06:27:45.453665,1003.0
7f5c3006065d44bf,https://jobsbotswana.info/jobs/tender-refurbishment-of-letsema-horticulture-market-francistown-collection-centre-ceda/,TENDER: REFURBISHMENT OF LETSEMA HORTICULTURE MARKET FRANCISTOWN COLLECTION CENTRE – CEDA,CEDA,posted,2026-07-17T06:28:03.880165,1005.0
5d7f54afdf437137,https://jobsbotswana.info/jobs/tutors-high-school-jce-primary-earn/,"TUTORS (HIGH SCHOOL, JCE, PRIMARY) – Earn",Earn,posted,2026-07-17T06:28:20.357814,1007.0
a783c62c85956a0f,https://jobsbotswana.info/jobs/a-supplies-contract-for-supply-and-delivery-of-information-communications-technology-ict-equipment-to-the-department-of-entrepreneurial-development-department-of-trade-development-ministry-of-tr/,A SUPPLIES CONTRACT FOR SUPPLY AND DELIVERY OF INFORMATION COMMUNICATIONS TECHNOLOGY (ICT) EQUIPMENT TO THE DEPARTMENT OF ENTREPRENEURIAL DEVELOPMENT & DEPARTMENT OF TRADE DEVELOPMENT – Ministry of Trade and Entrepreneurship,Ministry of Trade and Entrepreneurship,posted,2026-07-19T06:18:46.507295,1009.0
711489d500ecc706,https://jobsbotswana.info/jobs/account-executive-intern-fun-ads-solutions/,ACCOUNT EXECUTIVE INTERN – Fun Ads Solutions,Fun Ads Solutions,posted,2026-07-19T06:19:02.164057,1011.0
054a28c5a12511b5,https://jobsbotswana.info/jobs/accountant-guangdong-topkey-power-technical-development-co-ltd/,"ACCOUNTANT – Guangdong Topkey Power Technical Development Co., Ltd.","Guangdong Topkey Power Technical Development Co., Ltd.",posted,2026-07-19T06:19:18.396385,1013.0
d8f1c1d22176d44e,https://jobsbotswana.info/jobs/agro-sales-representative-shield-vet-agri/,AGRO-SALES REPRESENTATIVE – Shield Vet-Agri,Shield Vet-Agri,posted,2026-07-19T06:19:37.491678,1015.0
2ea3feca3e2c0006,https://jobsbotswana.info/jobs/all-rounder-receptionist-housekeeper-security-officer-night-watchman-eunibot-guest-house/,ALL-ROUNDER (RECEPTIONIST & HOUSEKEEPER) / SECURITY OFFICER / NIGHT WATCHMAN – EuniBot Guest House,EuniBot Guest House,posted,2026-07-19T06:19:55.175444,1017.0
7e84b617b70e0dc4,https://jobsbotswana.info/jobs/anti-money-laundering-compliance-officer-kgare-insurance-brokers-2/,ANTI-MONEY LAUNDERING & COMPLIANCE OFFICER – Kgare Insurance Brokers,KGARE INSURANCE BROKERS,posted,2026-07-19T06:20:11.753330,1019.0
87b280ccfaccbfcd,https://jobsbotswana.info/jobs/artisans-civil-engineers-project-managers-surveyors-translators-auto-mechanics-chinese-cooks-chef-site-engineers-general-foreman-technicians-mechanical-engineers-construction-engineers-wat/,"ARTISANS, CIVIL ENGINEERS, PROJECT MANAGERS, SURVEYORS, TRANSLATORS, AUTO MECHANICS, CHINESE COOKS/CHEF, SITE ENGINEERS, GENERAL FOREMAN, TECHNICIANS, MECHANICAL ENGINEERS, CONSTRUCTION ENGINEERS, WATER ENGINEERS – Red East Construction",RED EAST CONSTRUCTION,posted,2026-07-19T06:20:26.851256,1021.0
c05de565128163e7,https://jobsbotswana.info/jobs/assistant-corporate-communications-spedu/,ASSISTANT – CORPORATE COMMUNICATIONS – Spedu,SPEDU,posted,2026-07-19T06:20:44.158346,1022.0
c9d96ebb3ed32556,https://jobsbotswana.info/jobs/audit-assistant-manager-ernst-young-ey-botswana/,AUDIT ASSISTANT MANAGER – Ernst & Young (EY) Botswana,Ernst & Young (EY) Botswana,posted,2026-07-19T06:20:59.513824,1024.0
f2f9ee6f5051172a,https://jobsbotswana.info/jobs/audit-manager-ernst-young-ey-botswana/,AUDIT MANAGER – Ernst & Young (EY) Botswana,Ernst & Young (EY) Botswana,posted,2026-07-19T06:21:15.359734,1026.0
028c772a21ef1c3d,https://jobsbotswana.info/jobs/audit-partner-director-ernst-young-ey-botswana/,AUDIT PARTNER / DIRECTOR – Ernst & Young (EY) Botswana,Ernst & Young (EY) Botswana,posted,2026-07-19T06:21:32.144824,1028.0
edca6b4100c9ec15,https://jobsbotswana.info/jobs/audit-senior-senior-in-charge-ernst-young-ey-botswana/,AUDIT SENIOR / SENIOR IN CHARGE – Ernst & Young (EY) Botswana,Ernst & Young (EY) Botswana,posted,2026-07-19T06:21:44.218534,1026.0
5c0c99f144ba68f5,https://jobsbotswana.info/jobs/audit-supervisor-ernst-young-ey-botswana/,AUDIT SUPERVISOR – Ernst & Young (EY) Botswana,Ernst & Young (EY) Botswana,posted,2026-07-19T06:22:00.088127,1030.0
3c51bc34764acc29,https://jobsbotswana.info/jobs/board-of-directors-member-human-resources-talent-management-stepping-stones-international/,BOARD OF DIRECTORS MEMBER (HUMAN RESOURCES & TALENT MANAGEMENT) – Stepping Stones International,Stepping Stones International,posted,2026-07-19T06:22:16.435265,1032.0
26f439a1930e58d3,https://jobsbotswana.info/jobs/branch-manager-francistown-standard-bank/,BRANCH MANAGER (FRANCISTOWN) – Standard Bank,Standard Bank,posted,2026-07-19T06:22:36.198018,1034.0
b5c0ca58cd19fa5e,https://jobsbotswana.info/jobs/brand-manager-first-capital-bank/,BRAND MANAGER – First Capital Bank,First Capital Bank,posted,2026-07-19T06:22:50.261517,1036.0
ca9d425862c628c6,https://jobsbotswana.info/jobs/brokers-peo-finance/,BROKERS – Peo Finance,Peo Finance,posted,2026-07-19T06:23:06.893245,1038.0
233f5c3da795ab3f,https://jobsbotswana.info/jobs/camp-managers-tour-guides-chefs-mechanics-ghoha-hills-nogatsaa-pans/,"CAMP MANAGERS, TOUR GUIDES, CHEFS & MECHANICS – Ghoha Hills / Nogatsaa Pans",Ghoha Hills / Nogatsaa Pans,posted,2026-07-19T06:23:24.144231,1040.0
71dfaa4353e0e869,https://jobsbotswana.info/jobs/chief-operating-officer-coo-2/,CHIEF OPERATING OFFICER (COO),Jobs Botswana,posted,2026-07-19T06:23:39.041008,1041.0
087b797d792ba8e0,https://jobsbotswana.info/jobs/company-secretary-botswana-telecommunications-corporation-limited-btc-2/,COMPANY SECRETARY – Botswana Telecommunications Corporation Limited (BTC),Botswana Telecommunications Corporation Limited (BTC),posted,2026-07-19T06:23:55.739482,1043.0
faab4f095f6a5230,https://jobsbotswana.info/jobs/consultant-base-metals-project-geologist-geological-technician-alvis-crest-proprietary-limited-2/,"CONSULTANT BASE METALS, PROJECT GEOLOGIST & GEOLOGICAL TECHNICIAN – Alvis Crest Proprietary Limited",Alvis Crest Proprietary Limited,posted,2026-07-19T06:24:13.510936,1045.0
e7f4630ca4db5cbb,https://jobsbotswana.info/jobs/consultant-base-metals-project-geologist-geological-technician-alvis-crest-proprietary-limited/,"CONSULTANT BASE METALS, PROJECT GEOLOGIST, GEOLOGICAL TECHNICIAN – Alvis Crest Proprietary Limited",Alvis Crest Proprietary Limited,posted,2026-07-19T06:24:31.003437,1047.0
fbe1fc776591ae5f,https://jobsbotswana.info/jobs/contracts-administrator-mmg-khoemacau-copper-mining-pty-ltd/,CONTRACTS ADMINISTRATOR – MMG-Khoemacau Copper Mining Pty Ltd,MMG-Khoemacau Copper Mining Pty Ltd,posted,2026-07-19T06:24:48.514150,1049.0
7cb751183abadf7f,https://jobsbotswana.info/jobs/corporate-institutional-sales-executive-fuel-business-apex-fuels-one/,CORPORATE/INSTITUTIONAL SALES EXECUTIVE (FUEL BUSINESS) – Apex Fuels One,Apex Fuels One,posted,2026-07-19T06:25:07.466068,1051.0
597d4f715f32ef06,https://jobsbotswana.info/jobs/data-capture-clerk-mmg-khoemacau-copper-mining-pty-ltd/,DATA CAPTURE CLERK – MMG-Khoemacau Copper Mining Pty Ltd,MMG-Khoemacau Copper Mining Pty Ltd,posted,2026-07-19T06:25:25.306110,1053.0
a0db5c3dc0eaa2e4,https://jobsbotswana.info/jobs/database-geologist-mmg-khoemacau-copper-mining-pty-ltd/,DATABASE GEOLOGIST – MMG-Khoemacau Copper Mining Pty Ltd,MMG-Khoemacau Copper Mining Pty Ltd,posted,2026-07-19T06:25:42.930172,1055.0
5a37de75fbed66d7,https://jobsbotswana.info/jobs/dossier-assessor-botswana-medicines-regulatory-authority/,DOSSIER ASSESSOR – Botswana Medicines Regulatory Authority,Botswana Medicines Regulatory Authority,posted,2026-07-19T06:26:00.009419,1057.0
8458acaa1fd7c052,https://jobsbotswana.info/jobs/drafting-specialist-civil-engineers-project-managers-surveyors-translators-auto-mechanics-chinese-cooks-chef-site-engineers-general-foreman-technicians-mechanical-engineers-construction-eng/,"DRAFTING SPECIALIST, CIVIL ENGINEERS, PROJECT MANAGERS, SURVEYORS, TRANSLATORS, AUTO MECHANICS, CHINESE COOKS/CHEF, SITE ENGINEERS, GENERAL FOREMAN, TECHNICIANS, MECHANICAL ENGINEERS, CONSTRUCTION ENGINEERS, WATER ENGINEERS – Zhengtai Group",ZHENGTAI GROUP,posted,2026-07-19T06:26:14.344878,1059.0
20493bad78897d0d,https://jobsbotswana.info/jobs/electrical-engineer-africa-personnel-services/,ELECTRICAL ENGINEER – Africa Personnel Services,Africa Personnel Services,posted,2026-07-19T06:26:29.388587,1061.0
3d06fc2881d573f7,https://jobsbotswana.info/jobs/electrical-technician-guangdong-topkey-power-technical-development-co-ltd/,"ELECTRICAL TECHNICIAN – Guangdong Topkey Power Technical Development Co., Ltd.","Guangdong Topkey Power Technical Development Co., Ltd.",posted,2026-07-19T06:26:45.821991,1063.0
6cfa330fd22a3f99,https://jobsbotswana.info/jobs/executive-information-communications-and-technology-spedu/,"EXECUTIVE: INFORMATION, COMMUNICATIONS AND TECHNOLOGY – Spedu",SPEDU,posted,2026-07-19T06:27:01.766949,1064.0
95f3008f047830de,https://jobsbotswana.info/jobs/facilities-contracts-officer-mmg-khoemacau-copper-mining-pty-ltd/,FACILITIES CONTRACTS OFFICER – MMG-Khoemacau Copper Mining Pty Ltd,MMG-Khoemacau Copper Mining Pty Ltd,posted,2026-07-19T06:27:18.688758,1066.0
b10c6d468f994538,https://jobsbotswana.info/jobs/finance-manager-commercial-motors-pty-ltd-3/,FINANCE MANAGER – Commercial Motors (Pty) Ltd,Commercial Motors (Pty) Ltd,posted,2026-07-19T06:27:34.845873,1068.0
22c7635ff08754b2,https://jobsbotswana.info/jobs/forklift-operator-mmg-khoemacau-copper-mining-pty-ltd/,FORKLIFT OPERATOR – MMG-Khoemacau Copper Mining Pty Ltd,MMG-Khoemacau Copper Mining Pty Ltd,posted,2026-07-19T06:27:51.757402,1070.0
e1b2140706d38591,https://jobsbotswana.info/jobs/front-of-house-manager-grays-eden-sanctuary-boutique-hotel-2/,FRONT OF HOUSE MANAGER – Grays Eden Sanctuary Boutique Hotel,Grays Eden Sanctuary Boutique Hotel,posted,2026-07-19T06:28:07.321374,1072.0
7b9d9f1cc0e971cf,https://jobsbotswana.info/jobs/fuel-assistant-mmg-khoemacau-copper-mining-pty-ltd/,FUEL ASSISTANT – MMG-Khoemacau Copper Mining Pty Ltd,MMG-Khoemacau Copper Mining Pty Ltd,posted,2026-07-19T06:28:25.156602,1074.0
f56a2d018ddf6716,https://jobsbotswana.info/jobs/fuel-supervisor-mmg-khoemacau-copper-mining-pty-ltd/,FUEL SUPERVISOR – MMG-Khoemacau Copper Mining Pty Ltd,MMG-Khoemacau Copper Mining Pty Ltd,posted,2026-07-19T06:28:41.590731,1076.0
eca9480f947be232,https://jobsbotswana.info/jobs/graphic-designer-intern-fun-ads-solutions/,GRAPHIC DESIGNER INTERN – Fun Ads Solutions,Fun Ads Solutions,posted,2026-07-19T06:28:57.252902,1078.0
0646217c901b621a,https://jobsbotswana.info/jobs/ground-leads-mmg-khoemacau-copper-mining-pty-ltd/,GROUND LEADS – MMG-Khoemacau Copper Mining Pty Ltd,MMG-Khoemacau Copper Mining Pty Ltd,posted,2026-07-19T06:29:17.123354,1080.0
984847c015036215,https://jobsbotswana.info/jobs/human-resources-officer-recruitment-learning-and-development-support-non-bank-financial-institutions-regulatory-authority-nbfira/,HUMAN RESOURCES OFFICER (RECRUITMENT & LEARNING AND DEVELOPMENT SUPPORT) – Non-Bank Financial Institutions Regulatory Authority (NBFIRA),Non-Bank Financial Institutions Regulatory Authority (NBFIRA),posted,2026-07-19T06:29:32.985051,1082.0
8366d019b66281a5,https://jobsbotswana.info/jobs/internship-opportunity-manufacturing-industry-development-6-months-x-2-spedu/,INTERNSHIP OPPORTUNITY: MANUFACTURING & INDUSTRY DEVELOPMENT (6 MONTHS) X 2 – Spedu,SPEDU,posted,2026-07-19T06:29:50.415505,1083.0
3d0760a59eedd3f0,https://jobsbotswana.info/jobs/internship-opportunity-manufacturing-industry-development-spedu/,INTERNSHIP OPPORTUNITY: MANUFACTURING & INDUSTRY DEVELOPMENT – Spedu,SPEDU,posted,2026-07-19T06:30:07.773693,1084.0
4ee4fff3c4699c10,https://jobsbotswana.info/jobs/it-audit-manager-ernst-young-ey-botswana/,IT AUDIT MANAGER – Ernst & Young (EY) Botswana,Ernst & Young (EY) Botswana,posted,2026-07-19T06:30:24.496638,1086.0
31d5b521d1140ad2,https://jobsbotswana.info/jobs/librarian-intern-ravos-college-pty-ltd-2/,LIBRARIAN – INTERN – Ravos College (Pty) Ltd,RAVOS COLLEGE (PTY) LTD,posted,2026-07-19T06:30:41.455035,1088.0
77b51fd32a065da3,https://jobsbotswana.info/jobs/managing-director-darpar-group-pty-ltd/,MANAGING DIRECTOR – DARPAR Group (Pty) Ltd,DARPAR Group (Pty) Ltd,posted,2026-07-19T06:30:59.513294,1090.0
6893193570fdc514,https://jobsbotswana.info/jobs/marketing-officer-paydiscount-stores/,MARKETING OFFICER – Paydiscount Stores,PAYDISCOUNT STORES,posted,2026-07-19T06:31:12.528191,957.0
c548d08d3ce2f33e,https://jobsbotswana.info/jobs/materials-controller-mmg-khoemacau-copper-mining-pty-ltd/,MATERIALS CONTROLLER – MMG-Khoemacau Copper Mining Pty Ltd,MMG-Khoemacau Copper Mining Pty Ltd,posted,2026-07-19T06:31:29.457905,1092.0
406f75e9fd6a34af,https://jobsbotswana.info/jobs/medical-clerk-mmg-khoemacau-copper-mining-pty-ltd/,MEDICAL CLERK – MMG-Khoemacau Copper Mining Pty Ltd,MMG-Khoemacau Copper Mining Pty Ltd,posted,2026-07-19T06:31:46.637297,1094.0
c6ace150cc5bbe30,https://jobsbotswana.info/jobs/member-trustee-alexforbes/,MEMBER TRUSTEE – alexforbes,alexforbes,posted,2026-07-19T06:32:04.825419,1096.0
c3c605f4d8fc41a1,https://jobsbotswana.info/jobs/operations-manager-elephant-havens-wildlife-foundation-2/,OPERATIONS MANAGER – Elephant Havens Wildlife Foundation,Elephant Havens Wildlife Foundation,posted,2026-07-19T06:32:19.951385,1098.0
be647e3f2969074a,https://jobsbotswana.info/jobs/part-time-research-project-supervisors-empa-emba-botswana-open-university/,PART-TIME RESEARCH PROJECT SUPERVISORS – EMPA/EMBA – Botswana Open University,Botswana Open University,posted,2026-07-19T06:32:37.729497,1100.0
5d0fe94226fbd217,https://jobsbotswana.info/jobs/physiotherapist-life-gaborone-private-hospital/,PHYSIOTHERAPIST – Life Gaborone Private Hospital,Life Gaborone Private Hospital,posted,2026-07-19T06:32:53.878433,1102.0
eb34575a37399542,https://jobsbotswana.info/jobs/plant-technical-manager-minetech-pty-ltd-3/,PLANT TECHNICAL MANAGER – Minetech (Pty) Ltd,Minetech (Pty) Ltd,posted,2026-07-19T06:33:09.597312,1104.0
e43da746615cee5e,https://jobsbotswana.info/jobs/procurement-of-a-consultant-to-conduct-business-continuity-management-test-services-botswana-development-corporation/,PROCUREMENT OF A CONSULTANT TO CONDUCT BUSINESS CONTINUITY MANAGEMENT TEST SERVICES – Botswana Development Corporation,Botswana Development Corporation,posted,2026-07-19T06:33:25.880289,1106.0
d372160ad130e068,https://jobsbotswana.info/jobs/property-management-officer-property-administration-officer-hr-officer-ric-development-botswana-pty-ltd-2/,"PROPERTY MANAGEMENT OFFICER, PROPERTY ADMINISTRATION OFFICER & HR OFFICER – RIC Development Botswana (Pty) LTD",RIC Development Botswana (Pty) LTD,posted,2026-07-19T06:33:47.646063,1108.0
e6f0bd2175de7205,https://jobsbotswana.info/jobs/protection-officer-bank-of-botswana/,PROTECTION OFFICER – Bank of Botswana,Bank of Botswana,posted,2026-07-19T06:34:04.933085,1109.0
7356009f15e98c77,https://jobsbotswana.info/jobs/provision-of-physiotherapy-services-to-employees-first-national-bank-of-botswana-limited/,PROVISION OF PHYSIOTHERAPY SERVICES TO EMPLOYEES – First National Bank of Botswana Limited,First National Bank of Botswana Limited,posted,2026-07-19T06:34:19.361787,1111.0
ff5d4ff8a0a52b33,https://jobsbotswana.info/jobs/registered-nurses-life-gaborone-private-hospital/,REGISTERED NURSES – Life Gaborone Private Hospital,Life Gaborone Private Hospital,posted,2026-07-19T06:34:36.427250,1113.0
76ef649d10d1a797,https://jobsbotswana.info/jobs/retail-business-manager-sefalana-cash-carry-ltd/,RETAIL BUSINESS MANAGER – Sefalana Cash & Carry Ltd,Sefalana Cash & Carry Ltd,posted,2026-07-19T06:34:53.244475,1115.0
6405392624d994a0,https://jobsbotswana.info/jobs/senior-auditor-mmg-khoemacau-copper-mining-pty-ltd/,SENIOR AUDITOR – MMG-Khoemacau Copper Mining Pty Ltd,MMG-Khoemacau Copper Mining Pty Ltd,posted,2026-07-19T06:35:10.103500,1117.0
53f3b13e6c8d6721,https://jobsbotswana.info/jobs/senior-electrical-building-services-engineer-a-r-edwards-associates/,SENIOR ELECTRICAL BUILDING SERVICES ENGINEER – A.r. Edwards & Associates,A.R. EDWARDS & ASSOCIATES,posted,2026-07-19T06:35:25.986643,1119.0
dd4059c66cc73a8c,https://jobsbotswana.info/jobs/senior-mechanical-building-services-engineer-a-r-edwards-associates/,SENIOR MECHANICAL BUILDING SERVICES ENGINEER – A.r. Edwards & Associates,A.R. EDWARDS & ASSOCIATES,posted,2026-07-19T06:35:41.994547,1121.0
dde3552b6096d3ab,https://jobsbotswana.info/jobs/senior-tax-consultants-transfer-pricing-tax-advisory-ernst-young-ey-botswana/,SENIOR TAX CONSULTANTS TRANSFER PRICING/TAX ADVISORY – Ernst & Young (EY) Botswana,Ernst & Young (EY) Botswana,posted,2026-07-19T06:36:00.578265,1123.0
e1514ae2e276be48,https://jobsbotswana.info/jobs/service-delivery-manager-addmath-advisory/,SERVICE DELIVERY MANAGER – Addmath Advisory,Addmath Advisory,posted,2026-07-19T06:36:16.874478,1125.0
f19fe7fb1f9c8ad1,https://jobsbotswana.info/jobs/spanish-teacher-westwood-international-school/,SPANISH TEACHER – Westwood International School,Westwood International School,posted,2026-07-19T06:36:33.768116,1127.0
a5266bdb463d8cea,https://jobsbotswana.info/jobs/store-assistant-mmg-khoemacau-copper-mining-pty-ltd-2/,STORE ASSISTANT – MMG-Khoemacau Copper Mining Pty Ltd,MMG-Khoemacau Copper Mining Pty Ltd,posted,2026-07-19T06:36:50.981008,1129.0
7444683691e1fe87,https://jobsbotswana.info/jobs/supervisor-policy-development-and-digitilisation-bank-of-botswana/,"SUPERVISOR, POLICY DEVELOPMENT AND DIGITILISATION – Bank of Botswana",Bank of Botswana,posted,2026-07-19T06:37:06.946426,1130.0
d4989775221ddf1d,https://jobsbotswana.info/jobs/supply-and-delivery-of-information-communications-technology-ict-equipment-to-the-department-of-entrepreneurial-development-department-of-trade-development-ministry-of-trade-and-entrepreneurship/,SUPPLY AND DELIVERY OF INFORMATION COMMUNICATIONS TECHNOLOGY (ICT) EQUIPMENT TO THE DEPARTMENT OF ENTREPRENEURIAL DEVELOPMENT & DEPARTMENT OF TRADE DEVELOPMENT – Ministry of Trade and Entrepreneurship,Ministry of Trade and Entrepreneurship,posted,2026-07-19T06:37:23.584593,1132.0
8550e171be5b75fc,https://jobsbotswana.info/jobs/survey-technician-lucara-botswana/,SURVEY TECHNICIAN – Lucara Botswana,Lucara Botswana,posted,2026-07-19T06:37:40.130953,1134.0
43e5bd56884c1161,https://jobsbotswana.info/jobs/tax-manager-ernst-young-ey-botswana/,TAX MANAGER – Ernst & Young (EY) Botswana,Ernst & Young (EY) Botswana,posted,2026-07-19T06:37:57.301559,1136.0
fe46ce04fe9fa856,https://jobsbotswana.info/jobs/technician-engineer-2/,TECHNICIAN ENGINEER,Jobs Botswana,posted,2026-07-19T06:38:11.255827,1137.0
f1334e7e5bbda56c,https://jobsbotswana.info/jobs/telehandler-operator-mmg-khoemacau-copper-mining-pty-ltd/,TELEHANDLER OPERATOR – MMG-Khoemacau Copper Mining Pty Ltd,MMG-Khoemacau Copper Mining Pty Ltd,posted,2026-07-19T06:38:28.535564,1139.0
cbc19b8c3700b1a1,https://jobsbotswana.info/jobs/tobacco-factory-plant-engineer-benson-craig-pty-ltd/,TOBACCO FACTORY PLANT ENGINEER – Benson Craig (Pty) Ltd,Benson Craig (Pty) Ltd,posted,2026-07-19T06:38:45.926247,1141.0
af96641c08571f2c,https://jobsbotswana.info/jobs/underground-engineering-manager-lucara-botswana-2/,UNDERGROUND ENGINEERING MANAGER – Lucara Botswana,Lucara Botswana,posted,2026-07-19T06:39:03.156459,1143.0
ac7d0b1fb66abe30,https://jobsbotswana.info/jobs/agro-sales-representative-shield-vet-agri-2/,AGRO SALES REPRESENTATIVE – Shield Vet-Agri,Shield Vet-Agri,posted,2026-07-21T06:16:47.255870,1144.0
362a32eda70c927f,https://jobsbotswana.info/jobs/anti-money-laundering-compliance-officer-kgare-insurance-brokers/,ANTI-MONEY LAUNDERING & COMPLIANCE OFFICER – Kgare Insurance Brokers,Kgare Insurance Brokers,posted,2026-07-21T06:17:07.417244,1146.0
9ff362ba24cc7497,https://jobsbotswana.info/jobs/branch-manager-furniture-bazaar/,BRANCH MANAGER – Furniture Bazaar,FURNITURE BAZAAR,posted,2026-07-21T06:17:23.615821,1148.0
9e298a77bfbb259a,https://jobsbotswana.info/jobs/librarian-intern-ravos-college-pty-ltd/,LIBRARIAN – INTERN – Ravos College (Pty) Ltd,RAVOS COLLEGE (PTY) LTD,posted,2026-07-21T06:17:36.479170,1088.0
12a0287b89eb6949,https://jobsbotswana.info/jobs/a-framework-tender-for-provision-of-funeral-services-to-social-and-community-development-registered-beneficiaries-in-serowe-district-council-serowe-district-council/,A FRAMEWORK TENDER FOR PROVISION OF FUNERAL SERVICES TO SOCIAL AND COMMUNITY DEVELOPMENT REGISTERED BENEFICIARIES IN SEROWE DISTRICT COUNCIL – Serowe District Council,Serowe District Council,posted,2026-07-23T06:20:20.119452,1149.0
6a10af1d4b6ece50,https://jobsbotswana.info/jobs/a-framework-tender-for-the-supply-and-delivery-of-48kg-cooking-gas-for-31-primary-schools-in-serowe-district-council-serowe-district-council/,A FRAMEWORK TENDER FOR THE SUPPLY AND DELIVERY OF 48KG COOKING GAS FOR 31 PRIMARY SCHOOLS IN SEROWE DISTRICT COUNCIL – Serowe District Council,Serowe District Council,posted,2026-07-23T06:20:35.152744,1150.0
2873628ff2b56ef8,https://jobsbotswana.info/jobs/administrative-officer-dejones-tuition-academy-2/,ADMINISTRATIVE OFFICER – DE’JONES Tuition Academy,DE'JONES Tuition Academy,posted,2026-07-23T06:20:50.291810,1152.0
fd7fea6fe04b639e,https://jobsbotswana.info/jobs/branch-manager-furniture-bazaar-2/,BRANCH MANAGER – Furniture Bazaar,Furniture Bazaar,posted,2026-07-23T06:21:05.093096,1154.0
cdabac6ca709ab43,https://jobsbotswana.info/jobs/bulk-cashier-x1-g4s-botswana/,BULK CASHIER X1 – G4S Botswana,G4S Botswana,posted,2026-07-23T06:21:19.322357,1156.0
067a95e162c83ffc,https://jobsbotswana.info/jobs/chef-de-cuisine-fine-dining-hotel-430/,CHEF DE CUISINE – FINE DINING – Hotel 430,HOTEL 430,posted,2026-07-23T06:21:38.673763,1158.0
65aff4b8295b1da6,https://jobsbotswana.info/jobs/community-mobilizer-mwatumwaya-rehabilitation-centre/,COMMUNITY MOBILIZER – Mwatumwaya Rehabilitation Centre,Mwatumwaya Rehabilitation Centre,posted,2026-07-23T06:21:54.858798,1160.0
254527a01dfe4189,https://jobsbotswana.info/jobs/credit-controler-suppleir-evrifications-works-contract-management-africa-origin-khumoetsile/,"CREDIT CONTROLER – SUPPLEIR EVRIFICATIONS, WORKS CONTRACT MANAGEMENT – Africa Origin Khumoetsile",AFRICA ORIGIN KHUMOETSILE,posted,2026-07-23T06:22:10.127480,1162.0
3f1667ef2469e8c2,https://jobsbotswana.info/jobs/customer-service-consultant-gaborone-hollard-botswana/,CUSTOMER SERVICE CONSULTANT – GABORONE – Hollard Botswana,Hollard Botswana,posted,2026-07-23T06:22:26.106597,1164.0
4995ef6f9f4b6617,https://jobsbotswana.info/jobs/customs-clearing-agent-acs-worldwide/,CUSTOMS CLEARING AGENT – ACS Worldwide,ACS Worldwide,posted,2026-07-23T06:22:40.905147,1166.0
1121fa477c24f1b1,https://jobsbotswana.info/jobs/expression-of-interest-for-leasing-of-private-residential-houses-bobirwa-district-council/,EXPRESSION OF INTEREST FOR LEASING OF PRIVATE RESIDENTIAL HOUSES – Bobirwa District Council,Bobirwa District Council,posted,2026-07-23T06:22:56.980366,1168.0
6b314606ae4ab003,https://jobsbotswana.info/jobs/expression-of-interest-property-leasing-bobirwa-district-council/,EXPRESSION OF INTEREST: PROPERTY LEASING – Bobirwa District Council,Bobirwa District Council,posted,2026-07-23T06:23:12.498474,1170.0
0bf99157fe3f68c2,https://jobsbotswana.info/jobs/expression-of-interest-proposal-for-leasing-of-residential-houses-to-bobirwa-district-council-bobirwa-district-council/,EXPRESSION OF INTEREST: PROPOSAL FOR LEASING OF RESIDENTIAL HOUSES TO BOBIRWA DISTRICT COUNCIL – Bobirwa District Council,Bobirwa District Council,posted,2026-07-23T06:23:29.314543,1172.0
4d8e5b093e9383a3,https://jobsbotswana.info/jobs/financial-advisors-trustwave-insurance-brokers/,FINANCIAL ADVISORS – Trustwave Insurance Brokers,Trustwave Insurance Brokers,posted,2026-07-23T06:23:43.874072,1174.0
15bd06ede4d88b25,https://jobsbotswana.info/jobs/guest-house-worker-la-palma-suites-guest-house/,GUEST HOUSE WORKER – La Palma Suites Guest House,La Palma Suites Guest House,posted,2026-07-23T06:23:57.553864,1175.0
34a74a53068c701d,https://jobsbotswana.info/jobs/internal-auditor-orange-botswana/,INTERNAL AUDITOR – Orange Botswana,Orange Botswana,posted,2026-07-23T06:24:13.582606,1177.0
6bb2ced053abb9ef,https://jobsbotswana.info/jobs/invitation-to-submit-expression-of-interest-procurement-of-goods-equipment-services-liquid-euphoria-pty-ltd-2/,"INVITATION TO SUBMIT EXPRESSION OF INTEREST: PROCUREMENT OF GOODS, EQUIPMENT & SERVICES – Liquid Euphoria (Pty) Ltd",LIQUID EUPHORIA (PTY) LTD,posted,2026-07-23T06:24:29.713110,1178.0
4b8889a8de8d7c7a,https://jobsbotswana.info/jobs/invitation-to-submit-expression-of-interest-procurement-of-goods-equipment-services-liquid-euphoria-pty-ltd/,"INVITATION TO SUBMIT EXPRESSION OF INTEREST (PROCUREMENT OF GOODS, EQUIPMENT & SERVICES) – Liquid Euphoria (Pty) Ltd",LIQUID EUPHORIA (PTY) LTD,posted,2026-07-23T06:24:46.774390,1179.0
f5b39d1c25ab105e,https://jobsbotswana.info/jobs/junior-primary-teacher-morula-school/,JUNIOR PRIMARY TEACHER – Morula School,Morula School,posted,2026-07-23T06:25:00.053285,1180.0
545391e2c66b7ed6,https://jobsbotswana.info/jobs/lecturer-abm-university-college/,LECTURER – ABM University College,ABM University College,posted,2026-07-23T06:25:14.343827,1182.0
679e846201258e2d,https://jobsbotswana.info/jobs/lecturer-vacancies-abm-university-college/,LECTURER VACANCIES – ABM University College,ABM University College,posted,2026-07-23T06:25:29.526502,1184.0
2299645e519be264,https://jobsbotswana.info/jobs/life-manager-mega-avenues-insurance-brokers/,LIFE MANAGER – MEGA AVENUES Insurance Brokers,MEGA AVENUES Insurance Brokers,posted,2026-07-23T06:25:43.534609,1185.0
b0962a12d4ba61aa,https://jobsbotswana.info/jobs/manager-relationship-agriculture-agribusiness-specialist-stanbic-bank-botswana/,"MANAGER, RELATIONSHIP, AGRICULTURE (AGRIBUSINESS SPECIALIST) – Stanbic Bank Botswana",Stanbic Bank Botswana,posted,2026-07-23T06:26:01.365132,1187.0
5cc1a0bbe2b088c3,https://jobsbotswana.info/jobs/marketing-assistant-the-grand-loft/,MARKETING ASSISTANT – The Grand Loft,The Grand Loft,posted,2026-07-23T06:26:15.668472,1189.0
b80c6a8853827612,https://jobsbotswana.info/jobs/monitoring-and-evaluation-officer-mwatumwaya-rehabilitation-centre/,MONITORING AND EVALUATION OFFICER – Mwatumwaya Rehabilitation Centre,Mwatumwaya Rehabilitation Centre,posted,2026-07-23T06:26:30.755969,1191.0
743f03355bebaf2c,https://jobsbotswana.info/jobs/overseer-marketing-and-sales-representative-jumbo-tusker-resort/,OVERSEER/ MARKETING AND SALES REPRESENTATIVE – Jumbo Tusker Resort,JUMBO TUSKER RESORT,posted,2026-07-23T06:26:47.537114,1192.0
a38b05ccbbeb53d4,https://jobsbotswana.info/jobs/peo-primary-school-tuck-shop-assistant-baker-chef/,Peo Primary School Tuck Shop Assistant / Baker & Chef,Jobs Botswana,posted,2026-07-23T06:27:02.865475,1193.0
78a85fac77f7261a,https://jobsbotswana.info/jobs/project-manager-mwatumwaya-rehabilitation-centre/,PROJECT MANAGER – Mwatumwaya Rehabilitation Centre,Mwatumwaya Rehabilitation Centre,posted,2026-07-23T06:27:17.315253,1195.0
a245f38eca056c5d,https://jobsbotswana.info/jobs/purchase-order-loan-officer-sales-marketing-aggregator-africa-origin-khumoetsile/,PURCHASE ORDER LOAN OFFICER – SALES & MARKETING AGGREGATOR – Africa Origin Khumoetsile,AFRICA ORIGIN KHUMOETSILE,posted,2026-07-23T06:27:32.305201,1197.0
e1899abb06edf018,https://jobsbotswana.info/jobs/risk-and-internal-control-officer-orange-botswana/,RISK AND INTERNAL CONTROL OFFICER – Orange Botswana,Orange Botswana,posted,2026-07-23T06:27:48.553579,1199.0
834adf3656bd7d7b,https://jobsbotswana.info/jobs/sales-administration-officer-botala-sky-travel-tours/,SALES & ADMINISTRATION OFFICER – Botala Sky Travel & Tours,Botala Sky Travel & Tours,posted,2026-07-23T06:28:03.135097,1200.0
a3715c29c45ef2c3,https://jobsbotswana.info/jobs/sales-consultant-grace-mary-coaching/,SALES CONSULTANT – Grace Mary Coaching,Grace Mary Coaching,posted,2026-07-23T06:28:18.021524,1202.0
8211cb78bf23a5f9,https://jobsbotswana.info/jobs/sales-executive-cold-calling-africa-origin-khumoetsile/,SALES EXECUTIVE – COLD CALLING – Africa Origin Khumoetsile,AFRICA ORIGIN KHUMOETSILE,posted,2026-07-23T06:28:32.770098,1204.0
f1cfd57259b9903e,https://jobsbotswana.info/jobs/senior-internal-auditor-orange-botswana/,SENIOR INTERNAL AUDITOR – Orange Botswana,Orange Botswana,posted,2026-07-23T06:28:49.231228,1206.0
0b002e41628c942b,https://jobsbotswana.info/jobs/shop-assistant-apparel-90/,SHOP ASSISTANT – Apparel 90,Apparel 90,posted,2026-07-23T06:29:04.543054,1208.0
562c352ef920df75,https://jobsbotswana.info/jobs/shop-assistant-swift-cell/,SHOP ASSISTANT – Swift Cell,Swift Cell,posted,2026-07-23T06:29:18.960027,1210.0
6b7f8babf183af01,https://jobsbotswana.info/jobs/supply-and-delivery-of-networking-equipment-firewalls-switches-and-routers-botswana-communications-regulatory-authority/,"SUPPLY AND DELIVERY OF NETWORKING EQUIPMENT (FIREWALLS, SWITCHES AND ROUTERS) – Botswana Communications Regulatory Authority",Botswana Communications Regulatory Authority,posted,2026-07-23T06:29:33.577054,1212.0
fd9300619c903e2b,https://jobsbotswana.info/jobs/tuck-shop-assistant-baker-chef-peo-primary-school/,TUCK SHOP ASSISTANT / BAKER & CHEF – Peo Primary School,PEO PRIMARY SCHOOL,posted,2026-07-23T06:29:48.092098,1214.0
6a1af4f63622bb56,https://jobsbotswana.info/jobs/underground-engineering-manager-lucara-botswana-3/,UNDERGROUND ENGINEERING MANAGER – Lucara Botswana,Lucara Botswana,posted,2026-07-23T06:30:04.658562,1216.0
fa5cd66fd9da2381,https://jobsbotswana.info/jobs/vacancies-accountant-accounts-assistant-buyer-assistant-cashier-general-worker-stock-controller-sales-personnel-build-plus-hardware/,"VACANCIES (ACCOUNTANT, ACCOUNTS ASSISTANT, BUYER ASSISTANT, CASHIER, GENERAL WORKER, STOCK CONTROLLER, SALES PERSONNEL) – Build Plus Hardware",Build Plus Hardware,posted,2026-07-23T06:30:18.085937,1217.0
cf987379c427d3a4,https://jobsbotswana.info/jobs/accounts-officer-botswana-ash-pty-ltd/,ACCOUNTS OFFICER – Botswana Ash (PTY) LTD.,Botswana Ash (PTY) LTD.,posted,2026-07-25T06:06:48.318646,1219.0
fb1a108fd95fe2c5,https://jobsbotswana.info/jobs/administrative-assistant-john-f-marshal-t-a-supa-signs/,ADMINISTRATIVE ASSISTANT – John F Marshal T/A Supa Signs,John F Marshal T/A Supa Signs,posted,2026-07-25T06:07:06.757110,1221.0
310bbbdc8b33565b,https://jobsbotswana.info/jobs/administrative-officer-dejones-tuition-academy/,ADMINISTRATIVE OFFICER – De’Jones Tuition Academy,De'Jones Tuition Academy,posted,2026-07-25T06:07:22.521136,1223.0
a6205dce64fcb849,https://jobsbotswana.info/jobs/business-development-marketing-intern-elsimate-institute/,BUSINESS DEVELOPMENT & MARKETING INTERN – ElsiMate Institute,Jobs Botswana,posted,2026-07-25T06:07:37.611243,1225.0
1b1ef43c64171497,https://jobsbotswana.info/jobs/chef-de-cuisine-fine-dining-hotel-430-2/,CHEF DE CUISINE – FINE DINING – Hotel 430,Hotel 430,posted,2026-07-25T06:07:55.097020,1227.0
02dbc39ff48c2b24,https://jobsbotswana.info/jobs/customer-service-consultant-hollard-botswana/,CUSTOMER SERVICE CONSULTANT – Hollard Botswana,Hollard Botswana,posted,2026-07-25T06:08:11.705381,1229.0
2c079c7f01d11462,https://jobsbotswana.info/jobs/data-science-analytics-trainer-ed-tech-africa/,DATA SCIENCE & ANALYTICS TRAINER – Ed-Tech Africa,Ed-Tech Africa,posted,2026-07-25T06:08:26.126903,1231.0
e97092c3ebc0d358,https://jobsbotswana.info/jobs/disciplinary-committee-member-botswana-institute-of-chartered-accountants/,DISCIPLINARY COMMITTEE MEMBER – Botswana Institute of Chartered Accountants,Botswana Institute of Chartered Accountants,posted,2026-07-25T06:08:41.539510,1233.0
07b3e4ca80eb695c,https://jobsbotswana.info/jobs/explosives-engineer-ug-enaex-africa/,EXPLOSIVES ENGINEER UG – Enaex Africa,Jobs Botswana,posted,2026-07-25T06:08:54.494574,1235.0
c471bbd034fd4230,https://jobsbotswana.info/jobs/expression-of-interest-method-to-lease-data-servers-for-a-period-of-three-3-years-botswana-bureau-of-standards/,EXPRESSION OF INTEREST METHOD TO LEASE DATA SERVERS FOR A PERIOD OF THREE (3) YEARS – Botswana Bureau of Standards,Botswana Bureau of Standards,posted,2026-07-25T06:09:10.721823,1237.0
a3e6cc1d327436c5,https://jobsbotswana.info/jobs/facilities-manager-botswana-ash-pty-ltd/,FACILITIES MANAGER – Botswana Ash (PTY) LTD.,Botswana Ash (PTY) LTD.,posted,2026-07-25T06:09:24.033536,1239.0
a882c8c34afe9f60,https://jobsbotswana.info/jobs/financial-advisors-bona-life-insurance-2/,FINANCIAL ADVISORS – Bona Life Insurance,Bona Life Insurance,posted,2026-07-25T06:09:39.043638,1241.0
0b273321067ab0cc,https://jobsbotswana.info/jobs/financial-advisors-bona-life/,FINANCIAL ADVISORS – Bona Life,Bona Life,posted,2026-07-25T06:09:53.626285,1243.0
e9645ee4924ad646,https://jobsbotswana.info/jobs/financial-controller-capital-investment-profitability-accountant-and-compliance-officer-botswanapost/,"FINANCIAL CONTROLLER, CAPITAL INVESTMENT & PROFITABILITY ACCOUNTANT AND COMPLIANCE OFFICER – BotswanaPost",BotswanaPost,posted,2026-07-25T06:10:10.475131,1245.0
5ded1d09d6fb04cc,https://jobsbotswana.info/jobs/ga-field-manager-smollan-sadc/,GA FIELD MANAGER – Smollan SADC,Smollan SADC,posted,2026-07-25T06:10:24.332795,1247.0
92b6cef5ce67daf2,https://jobsbotswana.info/jobs/gac-associate-account-manager-smollan-sadc/,GAC ASSOCIATE ACCOUNT MANAGER – Smollan SADC,Smollan SADC,posted,2026-07-25T06:10:37.761797,1249.0
d19c93fff4b15eda,https://jobsbotswana.info/jobs/head-of-branch-networks-bayport-financial-services-botswana/,HEAD OF BRANCH NETWORKS – Bayport Financial Services Botswana,Bayport Financial Services Botswana,posted,2026-07-25T06:10:53.068701,1251.0
730bfb0ec754a58d,https://jobsbotswana.info/jobs/heavy-plant-mechanic-botswana-ash-pty-ltd/,HEAVY PLANT MECHANIC – Botswana Ash (PTY) LTD.,Botswana Ash (PTY) LTD.,posted,2026-07-25T06:11:06.651658,1253.0
bd975e2dc9b809b3,https://jobsbotswana.info/jobs/intern-admin-assistant-bulls-eye-self-catering-apartments/,INTERN ADMIN ASSISTANT – Bulls Eye Self Catering Apartments,Bulls Eye Self Catering Apartments,posted,2026-07-25T06:11:20.873280,1254.0
9c85e07ccf6a1304,https://jobsbotswana.info/jobs/life-managers-world-cover-training-institute/,LIFE MANAGERS – World Cover Training Institute,World Cover Training Institute,posted,2026-07-25T06:11:36.485044,1256.0
68d601f8fcb4e3d7,https://jobsbotswana.info/jobs/lodge-manager-front-of-house-dulini-daunara/,LODGE MANAGER (FRONT OF HOUSE) – Dulini Daunara,Dulini Daunara,posted,2026-07-25T06:11:54.684654,1258.0
0bb50d0e7a19dece,https://jobsbotswana.info/jobs/maintenance-technician-chloride-exide-botswana-pty-ltd/,MAINTENANCE TECHNICIAN – CHLORIDE EXIDE BOTSWANA (PTY) LTD,Jobs Botswana,posted,2026-07-25T06:12:10.991022,1259.0
ce0ff4b0140a075b,https://jobsbotswana.info/jobs/middle-primary-teacher-standard-3-or-standard-4-rainbow-primary-school/,MIDDLE PRIMARY TEACHER (STANDARD 3 OR STANDARD 4) – Rainbow Primary School,Rainbow Primary School,posted,2026-07-25T06:12:27.899753,1261.0
3c57d10c9b0ad588,https://jobsbotswana.info/jobs/multiple-graduate-trainee-vacancies-elsimate-institute/,MULTIPLE GRADUATE/TRAINEE VACANCIES – ElsiMate Institute,ElsiMate Institute,posted,2026-07-25T06:12:43.312134,1263.0
bed6a85aa94ff583,https://jobsbotswana.info/jobs/multiple-vacancies-tourism-industry/,MULTIPLE VACANCIES (TOURISM INDUSTRY),Jobs Botswana,posted,2026-07-25T06:12:56.059051,1264.0
d2e871b95998912c,https://jobsbotswana.info/jobs/occupational-health-nurse-botswana-railways-2/,OCCUPATIONAL HEALTH NURSE – Botswana Railways,Botswana Railways,posted,2026-07-25T06:13:13.403212,1266.0
4dd98d6aaae7711c,https://jobsbotswana.info/jobs/office-assistant-jumbo-warehouse-2/,OFFICE ASSISTANT – Jumbo Warehouse,Jumbo Warehouse,posted,2026-07-25T06:13:28.603549,1268.0
e47ecf19812e1011,https://jobsbotswana.info/jobs/overseer-marketing-and-sales-representative-jumbo-tusker-resort-2/,OVERSEER/ MARKETING AND SALES REPRESENTATIVE – Jumbo Tusker Resort,Jumbo Tusker Resort,posted,2026-07-25T06:13:46.218082,1269.0
3a7c444a61729212,https://jobsbotswana.info/jobs/prdp-goods-driver-gu-home-store/,PRDP GOODS DRIVER – GU Home Store,GU Home Store,posted,2026-07-25T06:14:01.657251,1271.0
1e174e5d26d28fed,https://jobsbotswana.info/jobs/production-operators-delta-automotive-technologies-pty-ltd/,PRODUCTION OPERATORS – DELTA Automotive Technologies (Pty) Ltd,DELTA Automotive Technologies (Pty) Ltd,posted,2026-07-25T06:14:17.408042,1273.0
e2c1379e6cfd0aa1,https://jobsbotswana.info/jobs/projects-engineer-mechanical-botswana-ash-pty-ltd/,PROJECTS ENGINEER- MECHANICAL – Botswana Ash (PTY) LTD.,Botswana Ash (PTY) LTD.,posted,2026-07-25T06:14:30.665048,1274.0
b007a516a4a5f727,https://jobsbotswana.info/jobs/provision-of-private-off-campus-accommodation-botswana-international-university-of-science-and-technology/,PROVISION OF PRIVATE OFF-CAMPUS ACCOMMODATION – Botswana International University of Science and Technology,Botswana International University of Science and Technology,posted,2026-07-25T06:14:45.551262,1276.0
c0290650920dfc72,https://jobsbotswana.info/jobs/receptionist-manna-farms-pty-ltd/,RECEPTIONIST – Manna Farms (Pty) Ltd,Manna Farms (Pty) Ltd,posted,2026-07-25T06:15:00.022401,1278.0
05069c2df2c2f01a,https://jobsbotswana.info/jobs/sales-trainee-taurus-batteries/,SALES TRAINEE – Taurus Batteries,Taurus Batteries,posted,2026-07-25T06:15:17.519889,1280.0
e49f2ef87808d81d,https://jobsbotswana.info/jobs/sports-coaches-propellers-sports-academy/,SPORTS COACHES – Propellers Sports Academy,PROPELLERS SPORTS ACADEMY,posted,2026-07-25T06:15:32.197531,1282.0
f05b152a9b1a9690,https://jobsbotswana.info/jobs/standards-officer-botswana-ash-pty-ltd/,STANDARDS OFFICER – Botswana Ash (PTY) LTD.,Botswana Ash (PTY) LTD.,posted,2026-07-25T06:15:45.735473,1284.0
034b6723f54da374,https://jobsbotswana.info/jobs/teachers-dawnbell-academy/,TEACHERS – Dawnbell Academy,DAWNBELL ACADEMY,posted,2026-07-25T06:16:00.630418,1286.0
c38bda77e034bcf9,https://jobsbotswana.info/jobs/temporary-craftsman-i-electrical-letlhakane-primary-hospital/,TEMPORARY CRAFTSMAN I (ELECTRICAL) – Letlhakane Primary Hospital,Letlhakane Primary Hospital,posted,2026-07-25T06:16:19.062997,1288.0
9852a8867a2679da,https://jobsbotswana.info/jobs/temporary-craftsman-i-plumbing-pipe-fitting-letlhakane-primary-hospital/,TEMPORARY CRAFTSMAN I (PLUMBING & PIPE FITTING) – Letlhakane Primary Hospital,Letlhakane Primary Hospital,posted,2026-07-25T06:16:36.277244,1290.0
cd5bc56b5fd30338,https://jobsbotswana.info/jobs/temporary-craftsman-iicarpentry-letlhakane-primary-hospital/,TEMPORARY CRAFTSMAN II(CARPENTRY) – Letlhakane Primary Hospital,Letlhakane Primary Hospital,posted,2026-07-25T06:16:52.972095,1292.0
d968fa8d17d5ea97,https://jobsbotswana.info/jobs/temporary-medical-records-officer-letlhakane-primary-hospital/,TEMPORARY MEDICAL RECORDS OFFICER – Letlhakane Primary Hospital,Letlhakane Primary Hospital,posted,2026-07-25T06:17:30.571831,1294.0
26c4a473d29fe2bb,https://jobsbotswana.info/jobs/temporary-phlebotomist-letlhakane-primary-hospital/,TEMPORARY PHLEBOTOMIST – Letlhakane Primary Hospital,Letlhakane Primary Hospital,posted,2026-07-25T06:17:46.557269,1296.0
e9df734966dc88d6,https://jobsbotswana.info/jobs/temporary-refuse-collectors-tutume-district-council/,TEMPORARY REFUSE COLLECTORS – Tutume District Council,Tutume District Council,posted,2026-07-25T06:18:06.360599,1298.0
7de2c511fb3cb07d,https://jobsbotswana.info/jobs/various-tourism-vacancies/,VARIOUS TOURISM VACANCIES,Jobs Botswana,posted,2026-07-25T06:18:18.878445,1299.0
bc736e89b4b29f1d,https://jobsbotswana.info/jobs/volunteers-fruits-of-the-sun-light-for-every-village/,VOLUNTEERS – Fruits of the Sun Light for Every Village,Fruits of the Sun Light for Every Village,posted,2026-07-25T06:18:32.817330,1301.0
88d2699e505d2bf7,https://jobsbotswana.info/jobs/warehouse-operator-sandvik/,WAREHOUSE OPERATOR – Sandvik,Sandvik,posted,2026-07-25T06:18:48.680266,1303.0
d93016fad94280a6,https://jobsbotswana.info/jobs/associate-company-secretary-bank-gaborone/,ASSOCIATE COMPANY SECRETARY – Bank Gaborone,Bank Gaborone,posted,2026-07-29T06:21:54.742309,1305.0
7b33204c3f9b9a61,https://jobsbotswana.info/jobs/bakery-dispatch-supervisor-bolux-group-pty-ltd-2/,BAKERY DISPATCH SUPERVISOR – Bolux Group (Pty) Ltd,Bolux Group (Pty) Ltd,posted,2026-07-29T06:22:12.641911,1307.0
8f01a382d1c9b451,https://jobsbotswana.info/jobs/bakery-sales-driver-bolux-group-pty-ltd-2/,BAKERY SALES DRIVER – Bolux Group (Pty) Ltd,Bolux Group (Pty) Ltd,posted,2026-07-29T06:22:29.391974,1309.0
dd62e59e20ce948e,https://jobsbotswana.info/jobs/barista-snazzy-cafe/,BARISTA – Snazzy Cafe,Snazzy Cafe,posted,2026-07-29T06:22:44.002127,1311.0
06ed1d15c5766b30,https://jobsbotswana.info/jobs/bulk-cashier-x1-gaborone-g4s-botswana-limited/,BULK CASHIER X1-GABORONE – G4S (Botswana) Limited,G4S (Botswana) Limited,posted,2026-07-29T06:22:59.434473,1313.0
b5d1789a94f77574,https://jobsbotswana.info/jobs/catalog-standardization-lead-fusion-attire/,CATALOG & STANDARDIZATION LEAD – Fusion Attire,Fusion Attire,posted,2026-07-29T06:23:14.416255,1315.0
875e86d84eb6559b,https://jobsbotswana.info/jobs/civil-engineer-ossy-sons-investments-pty-ltd/,CIVIL ENGINEER – Ossy & Son’s Investments (Pty) Ltd,OSSY & SON'S INVESTMENTS (PTY) LTD,posted,2026-07-29T06:23:27.998441,1316.0
8a6594ebb00d720b,https://jobsbotswana.info/jobs/civil-engineer-senior-technician-project-manager-site-foreman-ossy-sons-investments-pty-ltd/,"CIVIL ENGINEER, SENIOR TECHNICIAN, PROJECT MANAGER & SITE FOREMAN – Ossy & Son’s Investments (Pty) Ltd",OSSY & SON'S INVESTMENTS (PTY) LTD,posted,2026-07-29T06:23:43.102928,1317.0
11a7388c9c830954,https://jobsbotswana.info/jobs/civil-works-fiber-splicer-camusat-botswana/,CIVIL WORKS & FIBER SPLICER – Camusat Botswana,CAMUSAT BOTSWANA,posted,2026-07-29T06:23:57.461296,1318.0
025da8d630a8e31e,https://jobsbotswana.info/jobs/communication-specialist-giz-botswana/,COMMUNICATION SPECIALIST – GIZ Botswana,GIZ Botswana,posted,2026-07-29T06:24:11.631003,1320.0
58b39eda6a82a43e,https://jobsbotswana.info/jobs/communications-intern-deutsche-gesellschaft-fur-internationale-zusammenarbeit-giz/,COMMUNICATIONS INTERN – Deutsche Gesellschaft fur Internationale Zusammenarbeit (GIZ),Deutsche Gesellschaft fur Internationale Zusammenarbeit (GIZ),posted,2026-07-29T06:24:43.879733,1322.0
6a836e5b3b46e2ff,https://jobsbotswana.info/jobs/compensation-benefits-analyst-botswana-power-corporation/,COMPENSATION & BENEFITS ANALYST – Botswana Power Corporation,Botswana Power Corporation,posted,2026-07-29T06:24:58.341355,1323.0
a589ea6459a87ba6,https://jobsbotswana.info/jobs/compensation-benefits-analyst-x1-botswana-power-corporation/,COMPENSATION & BENEFITS ANALYST (X1) – Botswana Power Corporation,Botswana Power Corporation,posted,2026-07-29T06:25:18.355266,1324.0
fdb62dc9403b7a55,https://jobsbotswana.info/jobs/consultancy-services-for-the-review-of-the-organisational-and-pay-structure-national-agricultural-research-and-development-institute/,CONSULTANCY SERVICES FOR THE REVIEW OF THE ORGANISATIONAL AND PAY STRUCTURE – National Agricultural Research and Development Institute,National Agricultural Research and Development Institute,posted,2026-07-29T06:25:34.389502,1326.0
406ef934f8550ac3,https://jobsbotswana.info/jobs/cook-lephoi-centre/,COOK – Lephoi Centre,LEPHOI CENTRE,posted,2026-07-29T06:25:51.780731,1328.0
7e448b4ba3510705,https://jobsbotswana.info/jobs/country-chief-executive-officer-ceo-poultry-and-feed-milling-x1-irvines-botswana-pty-ltd/,COUNTRY CHIEF EXECUTIVE OFFICER (CEO) – POULTRY AND FEED MILLING (X1) – Irvines Botswana (Pty) Ltd,Irvines Botswana (Pty) Ltd,posted,2026-07-29T06:26:10.025641,1330.0
137d5be30382b7c7,https://jobsbotswana.info/jobs/data-protection-officer-national-arts-council-of-botswana-nacb/,DATA PROTECTION OFFICER – National Arts Council of Botswana (NACB),National Arts Council of Botswana (NACB),posted,2026-07-29T06:26:25.018080,1331.0
e987d716b329ad9c,https://jobsbotswana.info/jobs/data-protection-officer-national-arts-council-of-botswana/,DATA PROTECTION OFFICER – National Arts Council of Botswana,National Arts Council of Botswana,posted,2026-07-29T06:26:41.382187,1333.0
200010ff7293cb4e,https://jobsbotswana.info/jobs/database-administrator-botswana-power-corporation/,DATABASE ADMINISTRATOR – Botswana Power Corporation,Botswana Power Corporation,posted,2026-07-29T06:27:01.033429,1334.0
7e09d3ac539e415c,https://jobsbotswana.info/jobs/database-administrator-x1-botswana-power-corporation/,DATABASE ADMINISTRATOR (X1) – Botswana Power Corporation,Botswana Power Corporation,posted,2026-07-29T06:27:18.544605,1335.0
6b9ca7f4ae08cde8,https://jobsbotswana.info/jobs/diamond-planner-marker-yerushalmi/,DIAMOND PLANNER / MARKER – Yerushalmi,Yerushalmi,posted,2026-07-29T06:27:34.037520,1337.0
5d0d322e7bda4de4,https://jobsbotswana.info/jobs/digital-platforms-intern-mascom-2/,DIGITAL PLATFORMS INTERN – Mascom,Mascom,posted,2026-07-29T06:27:46.611167,1338.0
cfb12d16286f3e3d,https://jobsbotswana.info/jobs/direct-sales-agent-bancassurance-national-development-bank-insurance-agency-2/,DIRECT SALES AGENT – BANCASSURANCE – National Development Bank Insurance Agency,National Development Bank Insurance Agency,posted,2026-07-29T06:28:03.883323,1340.0
c1c6ff570bc9d2c4,https://jobsbotswana.info/jobs/district-manager-stepping-stones-international/,DISTRICT MANAGER – Stepping Stones International,Stepping Stones International,posted,2026-07-29T06:28:19.980784,1342.0
6d2f0affc26e4cc1,https://jobsbotswana.info/jobs/driver-iii-department-of-national-museum-and-monument-2/,DRIVER III – Department of National Museum and Monument,Department of National Museum and Monument,posted,2026-07-29T06:28:35.293423,1343.0
a0ea04acae4e06df,https://jobsbotswana.info/jobs/driver-iii-ministry-of-environment-and-tourism-department-of-national-museum-and-monuments-2/,"DRIVER III – Ministry of Environment and Tourism, Department of National Museum and Monuments","Ministry of Environment and Tourism, Department of National Museum and Monuments",posted,2026-07-29T06:28:54.400879,1345.0
d564768093e7f583,https://jobsbotswana.info/jobs/early-childhood-teacher-receptionist-office-administrator-cleaner-lumiere-academy-2/,"EARLY CHILDHOOD TEACHER, RECEPTIONIST / OFFICE ADMINISTRATOR & CLEANER – Lumière Academy",LUMIÈRE ACADEMY,posted,2026-07-29T06:29:10.596229,1347.0
81b28df0bf03ca77,https://jobsbotswana.info/jobs/early-childhood-teacher-receptionist-office-administrator-cleaner-lumiere-academy/,EARLY CHILDHOOD TEACHER / RECEPTIONIST / OFFICE ADMINISTRATOR / CLEANER – Lumière Academy,Lumière Academy,posted,2026-07-29T06:29:24.803608,1349.0
6e00cf57e01fcbae,https://jobsbotswana.info/jobs/employment-opportunity-epiroc/,EMPLOYMENT OPPORTUNITY – Epiroc,Epiroc,posted,2026-07-29T06:29:37.598198,1351.0
56461268f759f38a,https://jobsbotswana.info/jobs/enterprise-risk-claims-superintendent-botswana-power-corporation/,ENTERPRISE RISK & CLAIMS SUPERINTENDENT – Botswana Power Corporation,Botswana Power Corporation,posted,2026-07-29T06:29:53.654290,1352.0
d717c8bc278e3b24,https://jobsbotswana.info/jobs/enterprise-risk-claims-superintendent-x1-botswana-power-corporation/,ENTERPRISE RISK & CLAIMS SUPERINTENDENT (X1) – Botswana Power Corporation,Botswana Power Corporation,posted,2026-07-29T06:30:09.756738,1353.0
9b53208d2ffb92b8,https://jobsbotswana.info/jobs/experienced-mechanic-tlokweng-auto-zone-2/,EXPERIENCED MECHANIC – Tlokweng Auto Zone,TLOKWENG AUTO ZONE,posted,2026-07-29T06:30:25.633817,1355.0
62f046da997c8713,https://jobsbotswana.info/jobs/expression-of-interest-method-for-building-construction-maintenance-services-and-supplies-botswana-bureau-of-standards/,"EXPRESSION OF INTEREST METHOD FOR BUILDING, CONSTRUCTION, MAINTENANCE SERVICES AND SUPPLIES – Botswana Bureau of Standards",Botswana Bureau of Standards,posted,2026-07-29T06:30:43.542679,1357.0
4630910aa685e561,https://jobsbotswana.info/jobs/external-vacancies-multiple-positions-botswana-power-corporation/,EXTERNAL VACANCIES (MULTIPLE POSITIONS) – Botswana Power Corporation,Botswana Power Corporation,posted,2026-07-29T06:30:58.140845,1358.0
ad6d66833f9e793c,https://jobsbotswana.info/jobs/farm-supervisor-ravos-college-pty-ltd/,FARM SUPERVISOR – Ravos College (Pty) Ltd.,Ravos College (Pty) Ltd.,posted,2026-07-29T06:31:15.424935,1360.0
8eae513afb97e38e,https://jobsbotswana.info/jobs/farm-worker/,FARM WORKER,Jobs Botswana,posted,2026-07-29T06:31:29.558242,1361.0
4a1573f7abb6c568,https://jobsbotswana.info/jobs/field-maintenance-engineer-fme-camusat-botswana/,FIELD MAINTENANCE ENGINEER (FME) – Camusat Botswana,CAMUSAT BOTSWANA,posted,2026-07-29T06:31:47.970542,1363.0
7f57a082eea9fefa,https://jobsbotswana.info/jobs/finance-manager/,FINANCE MANAGER,Jobs Botswana,posted,2026-07-29T06:32:01.852380,1364.0
fd0acb7076082a25,https://jobsbotswana.info/jobs/finance-payroll-officer-john-mackenzie-school/,FINANCE & PAYROLL OFFICER – John Mackenzie School,John Mackenzie School,posted,2026-07-29T06:32:15.021518,1365.0
d6403b6b883f60f1,https://jobsbotswana.info/jobs/financial-controller-capital-investment-profitability-accountant-compliance-officer-botswanapost/,"FINANCIAL CONTROLLER, CAPITAL INVESTMENT & PROFITABILITY ACCOUNTANT & COMPLIANCE OFFICER – BotswanaPost",BotswanaPost,posted,2026-07-29T06:32:30.570413,1367.0
41b534b3dc3473b3,https://jobsbotswana.info/jobs/financial-controller-x2-botswana-power-corporation-2/,FINANCIAL CONTROLLER (X2) – Botswana Power Corporation,Botswana Power Corporation,posted,2026-07-29T06:32:47.957840,1368.0
761db332a7c02c59,https://jobsbotswana.info/jobs/financial-controller-x2-gaborone-morupule-botswana-power-corporation/,FINANCIAL CONTROLLER (X2) – GABORONE & MORUPULE – Botswana Power Corporation,Botswana Power Corporation,posted,2026-07-29T06:33:05.871668,1369.0
020fd3459ed86827,https://jobsbotswana.info/jobs/fleet-mechanic-camusat-botswana/,FLEET MECHANIC – Camusat Botswana,CAMUSAT BOTSWANA,posted,2026-07-29T06:33:22.291285,1371.0
a7b89aa3b91e7c6a,https://jobsbotswana.info/jobs/fruit-pickers-seasonal-selebi-phikwe-citrus-botswana-2/,FRUIT PICKERS (SEASONAL) – Selebi Phikwe Citrus (Botswana),Selebi Phikwe Citrus (Botswana),posted,2026-07-29T06:33:39.254592,1373.0
e23264fe7620f425,https://jobsbotswana.info/jobs/graduate-trainee-in-supply-chain-logistics-transport-management-elsimate-institute/,GRADUATE TRAINEE IN SUPPLY CHAIN / LOGISTICS & TRANSPORT MANAGEMENT – ElsiMate Institute,ElsiMate Institute,posted,2026-07-29T06:33:53.110815,1375.0
e086ef5d19db1a75,https://jobsbotswana.info/jobs/hotel-manager-rustiek-hotel/,HOTEL MANAGER – Rustiek Hotel,Rustiek Hotel,posted,2026-07-29T06:34:08.798989,1376.0
23679d6580171610,https://jobsbotswana.info/jobs/hr-officer-ub-hotel-and-conference-centre-2/,HR OFFICER – Ub Hotel and Conference Centre,UB HOTEL AND CONFERENCE CENTRE,posted,2026-07-29T06:34:23.414404,1377.0
cc5cf6ccfbf86c6d,https://jobsbotswana.info/jobs/leadership-program-officer-stepping-stones-international/,LEADERSHIP PROGRAM OFFICER – Stepping Stones International,Stepping Stones International,posted,2026-07-29T06:34:38.781344,1379.0
4fc4bc1c0af39a91,https://jobsbotswana.info/jobs/learning-and-development-manager-botswana-power-corporation/,LEARNING AND DEVELOPMENT MANAGER – Botswana Power Corporation,Botswana Power Corporation,posted,2026-07-29T06:34:54.528699,1380.0
d7192da86f7f8952,https://jobsbotswana.info/jobs/learning-and-development-manager-x1-botswana-power-corporation/,LEARNING AND DEVELOPMENT MANAGER (X1) – Botswana Power Corporation,Botswana Power Corporation,posted,2026-07-29T06:35:10.635169,1381.0
11d8d88f51297b50,https://jobsbotswana.info/jobs/legal-secretary-receptionist-and-pupil-attorney/,"LEGAL SECRETARY, RECEPTIONIST, AND PUPIL ATTORNEY",Jobs Botswana,posted,2026-07-29T06:35:22.639322,1382.0
3c1ecec2a194eca5,https://jobsbotswana.info/jobs/loan-administration-officer-accounts-fast-flow-pawnshop-2/,LOAN ADMINISTRATION OFFICER / ACCOUNTS – Fast Flow Pawnshop,Fast Flow Pawnshop,posted,2026-07-29T06:35:36.549393,1384.0
829835dcad2ec852,https://jobsbotswana.info/jobs/management-accountant-fixed-term-contract-national-agricultural-research-and-development-institute/,MANAGEMENT ACCOUNTANT – FIXED TERM CONTRACT – National Agricultural Research and Development Institute,National Agricultural Research and Development Institute,posted,2026-07-29T06:35:52.620971,1386.0
3450e8d8f7cb32ee,https://jobsbotswana.info/jobs/management-accountant-fixed-term-contract-readvertisement-national-agricultural-research-and-development-institute-nardi/,MANAGEMENT ACCOUNTANT – FIXED TERM CONTRACT (READVERTISEMENT) – National Agricultural Research and Development Institute (NARDI),National Agricultural Research and Development Institute (NARDI),posted,2026-07-29T06:36:08.554653,1388.0
6fa3b52e2053e077,https://jobsbotswana.info/jobs/management-accountant-national-agricultural-research-and-development-institute-nardi/,MANAGEMENT ACCOUNTANT – National Agricultural Research and Development Institute (NARDI),National Agricultural Research and Development Institute (NARDI),posted,2026-07-29T06:36:25.282260,1390.0
e7076c1b8c8cd7fc,https://jobsbotswana.info/jobs/manager-procurement-oversight-botswana-examinations-council/,MANAGER – PROCUREMENT OVERSIGHT – Botswana Examinations Council,Botswana Examinations Council,posted,2026-07-29T06:36:41.957844,1392.0
4c7cbf42b2da58d4,https://jobsbotswana.info/jobs/mechanical-maintenance-engineer-botswana-power-corporation-2/,MECHANICAL MAINTENANCE ENGINEER – Botswana Power Corporation,Botswana Power Corporation,posted,2026-07-29T06:37:00.423075,1393.0
e609ce0e7aa6f060,https://jobsbotswana.info/jobs/mechanical-maintenance-engineer-x1-botswana-power-corporation/,MECHANICAL MAINTENANCE ENGINEER (X1) – Botswana Power Corporation,Botswana Power Corporation,posted,2026-07-29T06:37:16.315857,1394.0
f61668d770a4b74b,https://jobsbotswana.info/jobs/mechanical-maintenance-engineer-x1-morupule-botswana-power-corporation/,MECHANICAL MAINTENANCE ENGINEER (X1) – MORUPULE – Botswana Power Corporation,Botswana Power Corporation,posted,2026-07-29T06:37:34.016427,1395.0
a3ae2b8cb555948a,https://jobsbotswana.info/jobs/mixed-practice-veterinary-surgeon-gaborone-veterinary-clinic/,MIXED PRACTICE VETERINARY SURGEON – Gaborone Veterinary Clinic,Gaborone Veterinary Clinic,posted,2026-07-29T06:37:50.042266,1396.0
461bb88d76531349,https://jobsbotswana.info/jobs/occupational-health-nurse-botswana-railways/,OCCUPATIONAL HEALTH NURSE – Botswana Railways,Botswana Railways,posted,2026-07-29T06:38:07.149995,1398.0
a1b7ba3e8f005d24,https://jobsbotswana.info/jobs/office-assistant-jumbo-warehouse/,OFFICE ASSISTANT – Jumbo Warehouse,JUMBO WAREHOUSE,posted,2026-07-29T06:38:22.501043,1400.0
a8bf6e1ebc3a3cd6,https://jobsbotswana.info/jobs/operations-and-maintenance-manager-passive-infrastructure-om-camusat-botswana/,OPERATIONS AND MAINTENANCE MANAGER – PASSIVE INFRASTRUCTURE O&M – Camusat Botswana,CAMUSAT BOTSWANA,posted,2026-07-29T06:38:39.564951,1402.0
f8f547bd0a339b91,https://jobsbotswana.info/jobs/operations-manager-woodland-homes/,OPERATIONS MANAGER – Woodland Homes,Woodland Homes,posted,2026-07-29T06:39:05.502203,1404.0
2990e5dcae5d2ef8,https://jobsbotswana.info/jobs/pharmacist-kalafhi-pharmaceutical/,PHARMACIST – Kalafhi Pharmaceutical,Kalafhi Pharmaceutical,posted,2026-07-29T06:39:20.545563,1406.0
ae8d42b1ec3f1e55,https://jobsbotswana.info/jobs/plant-operator-i-ministry-of-lands-and-agriculture-2/,PLANT OPERATOR I – Ministry of Lands and Agriculture,Ministry of Lands and Agriculture,posted,2026-07-29T06:39:37.571335,1407.0
7ac2085857f84a99,https://jobsbotswana.info/jobs/principal-registered-nurse-nursing-officer-i-midwife-moshupa-district-council/,PRINCIPAL REGISTERED NURSE/NURSING OFFICER I (MIDWIFE) – Moshupa District Council,Moshupa District Council,posted,2026-07-29T06:39:57.019099,1408.0
11f02274c0818f5f,https://jobsbotswana.info/jobs/principal-standards-engineer-botswana-bureau-of-standards/,PRINCIPAL STANDARDS ENGINEER – Botswana Bureau of Standards,Botswana Bureau of Standards,posted,2026-07-29T06:40:12.612335,1410.0
659d9ba189ef9968,https://jobsbotswana.info/jobs/procurement-oversight-manager-national-arts-council-of-botswana-nacb/,PROCUREMENT OVERSIGHT MANAGER – National Arts Council of Botswana (NACB),National Arts Council of Botswana (NACB),posted,2026-07-29T06:40:37.909772,1411.0
55b3d3bbebadebc3,https://jobsbotswana.info/jobs/procurement-oversight-manager-national-arts-council-of-botswana/,PROCUREMENT OVERSIGHT MANAGER – National Arts Council of Botswana,National Arts Council of Botswana,posted,2026-07-29T06:40:55.356734,1413.0
a15d807ecc156147,https://jobsbotswana.info/jobs/production-manager-and-sales-and-marketing-manager-mahera-investment-pty-ltd/,PRODUCTION MANAGER AND SALES AND MARKETING MANAGER – Mahera Investment (Pty) Ltd,Mahera Investment (Pty) Ltd,posted,2026-07-29T06:41:09.626057,1414.0
a1dd15f0ffcffe7c,https://jobsbotswana.info/jobs/psychosocial-support-coordinator-stepping-stones-international/,PSYCHOSOCIAL SUPPORT COORDINATOR – Stepping Stones International,Stepping Stones International,posted,2026-07-29T06:41:27.035742,1416.0
89e09930831fbe2a,https://jobsbotswana.info/jobs/quality-assurance-consultant-towdah-academy/,QUALITY ASSURANCE CONSULTANT – Towdah Academy,Towdah Academy,posted,2026-07-29T06:41:42.884041,1418.0
03e6a6ff0df55f3d,https://jobsbotswana.info/jobs/regional-manager-operations-maintenance-camusat-botswana/,REGIONAL MANAGER – OPERATIONS & MAINTENANCE – Camusat Botswana,CAMUSAT BOTSWANA,posted,2026-07-29T06:42:00.529356,1420.0
fea66765502ecc9a,https://jobsbotswana.info/jobs/request-for-proposals-rfp-hosting-service-and-maintenance-of-the-kimberley-process-website-kimberley-process-secretariat/,"REQUEST FOR PROPOSALS (RFP): HOSTING, SERVICE, AND MAINTENANCE OF THE KIMBERLEY PROCESS WEBSITE – Kimberley Process Secretariat",Kimberley Process Secretariat,posted,2026-07-29T06:42:17.634881,1422.0
5ce238ce68fdff8d,https://jobsbotswana.info/jobs/risk-and-corporate-governance-coordinator/,RISK AND CORPORATE GOVERNANCE COORDINATOR,Jobs Botswana,posted,2026-07-29T06:42:30.443657,1423.0
e43a4ab5ae61a18b,https://jobsbotswana.info/jobs/risk-officer-pensionable-contract-national-agricultural-research-and-development-institute-nardi/,RISK OFFICER – PENSIONABLE CONTRACT – National Agricultural Research and Development Institute (NARDI),National Agricultural Research and Development Institute (NARDI),posted,2026-07-29T06:42:45.613271,1425.0
e721342cea3af16b,https://jobsbotswana.info/jobs/sales-executive-x2-liquid-tech/,SALES EXECUTIVE X2 – Liquid Tech,Liquid Tech,posted,2026-07-29T06:42:59.280670,1427.0
c55497aef06e5a19,https://jobsbotswana.info/jobs/sales-marketing-officer-i-carbon-pty-ltd/,SALES & MARKETING OFFICER – I-carbon Pty Ltd,I-carbon Pty Ltd,posted,2026-07-29T06:43:16.198354,1429.0
67e3c7169d4134f8,https://jobsbotswana.info/jobs/school-finance-manager-john-mackenzie-school-2/,SCHOOL FINANCE MANAGER – John Mackenzie School,John Mackenzie School,posted,2026-07-29T06:43:42.694452,1430.0
d26730a2c8122850,https://jobsbotswana.info/jobs/senior-lecturer-mathematics-botswana-international-university-of-science-technology/,SENIOR LECTURER MATHEMATICS – Botswana International University of Science & Technology,Botswana International University of Science & Technology,posted,2026-07-29T06:44:00.172690,1432.0
76aff511c97494aa,https://jobsbotswana.info/jobs/site-establishment-and-operational-readiness-epiroc/,SITE ESTABLISHMENT AND OPERATIONAL READINESS – Epiroc,Epiroc,posted,2026-07-29T06:44:17.673670,1434.0
eaa022bc7966c966,https://jobsbotswana.info/jobs/specialist-doctors-registered-nurses-nurse-anaesthetist-clinical-officer-anaesthesia-pharmacist-sidilega-private-hospital/,"SPECIALIST DOCTORS, REGISTERED NURSES, NURSE ANAESTHETIST / CLINICAL OFFICER ANAESTHESIA & PHARMACIST – Sidilega Private Hospital",Sidilega Private Hospital,posted,2026-07-29T06:44:33.470570,1436.0
9c54038ec407bb6d,https://jobsbotswana.info/jobs/strategy-transformation-manager-x1-botswana-power-corporation/,STRATEGY & TRANSFORMATION MANAGER (X1) – Botswana Power Corporation,Botswana Power Corporation,posted,2026-07-29T06:44:51.222354,1437.0
42a21f0f1e0368d4,https://jobsbotswana.info/jobs/sustainability-specialist-botswana-insurance-holdings-limited/,SUSTAINABILITY SPECIALIST – Botswana Insurance Holdings Limited,Botswana Insurance Holdings Limited,posted,2026-07-29T06:45:06.904077,1439.0
e207e11c906555d3,https://jobsbotswana.info/jobs/technical-advisor-strategic-communication-giz-deutsche-gesellschaft-fur-internationale-zusammenarbeit-gmbh/,TECHNICAL ADVISOR: STRATEGIC COMMUNICATION – GIZ (Deutsche Gesellschaft für Internationale Zusammenarbeit GmbH),GIZ (Deutsche Gesellschaft für Internationale Zusammenarbeit GmbH),posted,2026-07-29T06:45:23.201448,1441.0
8afa6dfc1dec0b48,https://jobsbotswana.info/jobs/typist-emi/,TYPIST – Emi,EMI,posted,2026-07-29T06:45:36.204683,1442.0
aa4f3631bf0772d7,https://jobsbotswana.info/jobs/unspecified-position-finance-payroll-compliance-john-mackenzie-school/,UNSPECIFIED POSITION (FINANCE/PAYROLL/COMPLIANCE) – John Mackenzie School,John Mackenzie School,posted,2026-07-29T06:45:50.299401,1443.0
d2f3cdc348a80e1b,https://jobsbotswana.info/jobs/untitled-2/,UNTITLED,Jobs Botswana,posted,2026-07-29T06:46:02.294522,1444.0
39be05198054bf87,https://jobsbotswana.info/jobs/waiteress-waiters-bottle-girls-bouncers-professional-djs-and-cleaners-goosebumps-lounge-2/,"WAITERESS, WAITERS, BOTTLE GIRLS, BOUNCERS, PROFESSIONAL DJS AND CLEANERS – Goosebumps Lounge",Goosebumps Lounge,posted,2026-07-29T06:46:16.777051,1445.0
bffc4a2c11e53a81,https://jobsbotswana.info/jobs/water-treatment-plant-operator-botswana-power-corporation/,WATER TREATMENT PLANT OPERATOR – Botswana Power Corporation,Botswana Power Corporation,posted,2026-07-29T06:46:30.034180,1446.0
23dba32129bcfbcc,https://jobsbotswana.info/jobs/water-treatment-plant-operator-x3-botswana-power-corporation/,WATER TREATMENT PLANT OPERATOR (X3) – Botswana Power Corporation,Botswana Power Corporation,posted,2026-07-29T06:46:45.639995,1447.0
446c9d55dd12ba7d,https://jobsbotswana.info/jobs/workshop-mechanic-manager-cherry-splash-pty-ltd/,WORKSHOP MECHANIC MANAGER – Cherry Splash (Pty) Ltd,Cherry Splash (Pty) Ltd,posted,2026-07-29T06:47:01.168575,1449.0
aaf1efcf986af48e,https://jobsbotswana.info/jobs/youth-with-construction-related-skills-and-qualifications-registration-ministry-of-youth-and-gender-affairs/,YOUTH WITH CONSTRUCTION-RELATED SKILLS AND QUALIFICATIONS (REGISTRATION) – Ministry of Youth and Gender Affairs,Ministry of Youth and Gender Affairs,posted,2026-07-29T06:47:14.187061,1450.0
12350e917431c161,https://jobsbotswana.info/jobs/agency-banking-direct-sales-agents-various-branches-botswana-savings-bank/,AGENCY BANKING – DIRECT SALES AGENTS (VARIOUS BRANCHES) – Botswana Savings Bank,Botswana Savings Bank,posted,2026-07-31T06:38:31.755757,1452.0
850b811bb870dcd5,https://jobsbotswana.info/jobs/appointment-of-an-independent-distributor-and-agent-glodina-towelling-pty-ltd/,APPOINTMENT OF AN INDEPENDENT DISTRIBUTOR AND AGENT – Glodina Towelling (Pty) Ltd,Glodina Towelling (Pty) Ltd,posted,2026-07-31T06:38:48.077656,1454.0
e77aa1317716c977,https://jobsbotswana.info/jobs/associate-professor-in-hydrology-and-water-resources-the-university-of-botswana-2/,ASSOCIATE PROFESSOR IN HYDROLOGY AND WATER RESOURCES – The University of Botswana,The University of Botswana,posted,2026-07-31T06:39:04.892753,1455.0
1ca94f9c60996f72,https://jobsbotswana.info/jobs/associate-professor-in-hydrology-and-water-resources-university-of-botswana-2/,ASSOCIATE PROFESSOR IN HYDROLOGY AND WATER RESOURCES – University of Botswana,University of Botswana,posted,2026-07-31T06:39:20.423981,1455.0
55105376e513b91c,https://jobsbotswana.info/jobs/associate-professor-plant-biotechnology-botswana-international-university-of-science-and-technology/,"ASSOCIATE PROFESSOR, PLANT BIOTECHNOLOGY – Botswana International University of Science and Technology",Botswana International University of Science and Technology,posted,2026-07-31T06:39:39.469319,1457.0
bfbe7569bce5e747,https://jobsbotswana.info/jobs/associate-professor-plant-biotechnology-botswana-international-university-of-science-technology/,"ASSOCIATE PROFESSOR, PLANT BIOTECHNOLOGY – Botswana International University of Science & Technology",Botswana International University of Science & Technology,posted,2026-07-31T06:39:58.706418,1459.0
9036d2b6211817fd,https://jobsbotswana.info/jobs/beauty-specialist-maru-lana-spa/,BEAUTY SPECIALIST – Maru-lana Spa,Maru-lana Spa,posted,2026-07-31T06:40:14.427671,1461.0
370100eb0059c6de,https://jobsbotswana.info/jobs/cctv-operator-okavango-diamond-company-odc/,CCTV OPERATOR – Okavango Diamond Company (ODC),Okavango Diamond Company (ODC),posted,2026-07-31T06:40:32.071421,1463.0
2c882fc4f107ffff,https://jobsbotswana.info/jobs/chief-executive-officer-bokomo-botswana-pty-ltd/,CHIEF EXECUTIVE OFFICER – Bokomo Botswana (Pty) Ltd,Bokomo Botswana (Pty) Ltd,posted,2026-07-31T06:40:48.986384,1465.0
a3c0a61db278b707,https://jobsbotswana.info/jobs/chief-technician-chemistry-the-university-of-botswana/,CHIEF TECHNICIAN (CHEMISTRY) – The University of Botswana,The University of Botswana,posted,2026-07-31T06:41:05.360026,1466.0
0496fa8599bc57d1,https://jobsbotswana.info/jobs/chief-technician-geology-the-university-of-botswana-2/,CHIEF TECHNICIAN – GEOLOGY – The University of Botswana,The University of Botswana,posted,2026-07-31T06:41:22.934982,1467.0
0416b5d2e0801fad,https://jobsbotswana.info/jobs/chief-technician-geology-university-of-botswana/,CHIEF TECHNICIAN – GEOLOGY – University of Botswana,University of Botswana,posted,2026-07-31T06:41:42.492182,1469.0
c1f3575b0694bef9,https://jobsbotswana.info/jobs/chief-technician-physics-the-university-of-botswana/,CHIEF TECHNICIAN – PHYSICS – The University of Botswana,The University of Botswana,posted,2026-07-31T06:41:59.403798,1470.0
cf2005ebed94f272,https://jobsbotswana.info/jobs/chief-technician-physics-university-of-botswana-2/,CHIEF TECHNICIAN – PHYSICS – University of Botswana,University of Botswana,posted,2026-07-31T06:42:17.614216,1472.0
617dd5d7a017187e,https://jobsbotswana.info/jobs/chinese-translator-cheetah-cement/,CHINESE TRANSLATOR – Cheetah Cement,Cheetah Cement,posted,2026-07-31T06:42:34.210575,1474.0
7d30736f865a1951,https://jobsbotswana.info/jobs/class-teacher-std-1-7-sports-ict-legae-english-medium-school/,CLASS TEACHER (STD 1-7); SPORTS; ICT – Legae English Medium School,Legae English Medium School,posted,2026-07-31T06:42:51.606623,1476.0
f81a18e3f8d79220,https://jobsbotswana.info/jobs/class-teacher-std-1-7-sports-ict-traditional-dance-instructor-teacher-aide-legae-english-medium-school/,CLASS TEACHER (STD 1-7) / SPORTS / ICT / TRADITIONAL DANCE INSTRUCTOR / TEACHER AIDE – Legae English Medium School,Legae English Medium School,posted,2026-07-31T06:43:07.187253,1478.0
dc5d95a50f165118,https://jobsbotswana.info/jobs/cleaning-officers-lj-health-supplies/,CLEANING OFFICERS – Lj Health Supplies,LJ HEALTH SUPPLIES,posted,2026-07-31T06:43:21.467555,1480.0
912591fc17218424,https://jobsbotswana.info/jobs/commis-cooks-3-positions-sleek-foods/,COMMIS COOKS (3 POSITIONS) – Sleek Foods,Sleek Foods,posted,2026-07-31T06:43:42.072039,1482.0
858b495c0d880b7c,https://jobsbotswana.info/jobs/commis-cooks-sleek-foods/,COMMIS COOKS – Sleek Foods,Sleek Foods,posted,2026-07-31T06:43:58.215943,1484.0
025e5339f424317c,https://jobsbotswana.info/jobs/community-ambassador-woo-international/,COMMUNITY AMBASSADOR – Woo International,Woo International,posted,2026-07-31T06:44:13.502849,1486.0
766c40baeac5ce5e,https://jobsbotswana.info/jobs/counsellor-part-time-1-post-university-of-botswana-2/,COUNSELLOR (PART- TIME) – 1 POST – University of Botswana,University of Botswana,posted,2026-07-31T06:44:30.576616,1488.0
ceb89daf1d3506c7,https://jobsbotswana.info/jobs/counsellor-part-time-university-of-botswana-2/,COUNSELLOR (PART-TIME) – University of Botswana,University of Botswana,posted,2026-07-31T06:44:46.909460,1490.0
4cd2864161283e84,https://jobsbotswana.info/jobs/counsellor-part-time-university-of-botswana/,COUNSELLOR (PART- TIME) – University of Botswana,University of Botswana,posted,2026-07-31T06:45:04.890413,1492.0
f09c5deb3620a4ba,https://jobsbotswana.info/jobs/counsellor-the-university-of-botswana/,COUNSELLOR – The University of Botswana,The University of Botswana,posted,2026-07-31T06:45:21.063929,1493.0
0c306c31e17087f6,https://jobsbotswana.info/jobs/counsellor-university-of-botswana-2/,COUNSELLOR – University of Botswana,University of Botswana,posted,2026-07-31T06:45:38.110314,1495.0
9268c7d75e94eed5,https://jobsbotswana.info/jobs/deputy-dean-teaching-and-learning-the-university-of-botswana/,DEPUTY DEAN – TEACHING AND LEARNING – The University of Botswana,The University of Botswana,posted,2026-07-31T06:45:56.160844,1496.0
fc47d7e408248cb2,https://jobsbotswana.info/jobs/digital-advertising-executive-the-voice/,DIGITAL ADVERTISING EXECUTIVE – The Voice,The Voice,posted,2026-07-31T06:46:13.120321,1498.0
0ec9358db5e274fa,https://jobsbotswana.info/jobs/digital-integration-assistant-grace-mary-coaching/,DIGITAL INTEGRATION ASSISTANT – Grace Mary Coaching,Grace Mary Coaching,posted,2026-07-31T06:46:37.822536,1500.0
5c5b0dd49d4e3ead,https://jobsbotswana.info/jobs/digital-platforms-intern-mascom/,DIGITAL PLATFORMS INTERN – Mascom,MASCOM,posted,2026-07-31T06:46:51.794648,1501.0
ed4ba5cbe999161f,https://jobsbotswana.info/jobs/direct-sales-agent-bancassurance-national-development-bank-insurance-agency/,DIRECT SALES AGENT – BANCASSURANCE – NATIONAL DEVELOPMENT BANK Insurance Agency,NATIONAL DEVELOPMENT BANK Insurance Agency,posted,2026-07-31T06:47:10.379506,1503.0
132de413b4dfb4e5,https://jobsbotswana.info/jobs/director-centre-for-technology-enhanced-learning-and-teaching-ctelt-botswana-open-university/,"DIRECTOR, CENTRE FOR TECHNOLOGY-ENHANCED LEARNING AND TEACHING (CTELT) – Botswana Open University",Botswana Open University,posted,2026-07-31T06:47:25.516032,1505.0
70b94d2c65c12f62,https://jobsbotswana.info/jobs/driver-iii-department-of-national-museum-and-monument-3/,DRIVER III – Department of National Museum and Monument,Department of National Museum and Monument,posted,2026-07-31T06:47:42.844776,1506.0
393113a64c6b9793,https://jobsbotswana.info/jobs/driver-iii-ministry-of-environment-and-tourism-department-of-national-museum-and-monuments-3/,"DRIVER III – Ministry of Environment and Tourism, Department of National Museum and Monuments","Ministry of Environment and Tourism, Department of National Museum and Monuments",posted,2026-07-31T06:48:02.251923,1508.0
31c2b8a72958708d,https://jobsbotswana.info/jobs/engineering-manager-lucara-botswana/,ENGINEERING MANAGER – Lucara Botswana,Lucara Botswana,posted,2026-07-31T06:48:20.711239,1510.0
cfb2bc2eec7bae21,https://jobsbotswana.info/jobs/experienced-mechanic-tlokweng-auto-zone/,EXPERIENCED MECHANIC – Tlokweng Auto Zone,Tlokweng Auto Zone,posted,2026-07-31T06:48:33.325171,1355.0
e5d7e8230977efff,https://jobsbotswana.info/jobs/finance-compliance-officer-social-light/,FINANCE & COMPLIANCE OFFICER – Social Light,SOCIAL LIGHT,posted,2026-07-31T06:48:49.644387,1512.0
13acfad846b590d0,https://jobsbotswana.info/jobs/financial-accountant-local-enterprise-authority-lea/,FINANCIAL ACCOUNTANT – Local Enterprise Authority (LEA),Local Enterprise Authority (LEA),posted,2026-07-31T06:49:07.163514,1513.0
5950b082ddae7aa2,https://jobsbotswana.info/jobs/financial-advisor-fiducia-insurance-brokerage/,FINANCIAL ADVISOR – Fiducia Insurance Brokerage,FIDUCIA INSURANCE BROKERAGE,posted,2026-07-31T06:49:26.184770,1515.0
a95149c1bfeeb151,https://jobsbotswana.info/jobs/financial-advisors-redhill-risk-solutions/,FINANCIAL ADVISORS – Redhill Risk Solutions,Redhill Risk Solutions,posted,2026-07-31T06:49:40.815970,1517.0
27773dd41d2a2f9d,https://jobsbotswana.info/jobs/financial-controller-x2-botswana-power-corporation/,FINANCIAL CONTROLLER (X2) – Botswana Power Corporation,Botswana Power Corporation,posted,2026-07-31T06:49:57.702083,1518.0
88e1c673fa5b78a1,https://jobsbotswana.info/jobs/fleet-workshop-manager-tsetseng-retail-group-pty-ltd-t-a-super-spar/,FLEET WORKSHOP MANAGER – Tsetseng Retail Group (Pty) Ltd t/a Super Spar,Tsetseng Retail Group (Pty) Ltd t/a Super Spar,posted,2026-07-31T06:50:13.976941,1520.0
066d37da1fd9a6f9,https://jobsbotswana.info/jobs/fraud-investigator-letshego-financial-services/,FRAUD INVESTIGATOR – Letshego Financial Services,Letshego Financial Services,posted,2026-07-31T06:50:29.609190,1522.0
5e60c69d06e15fb1,https://jobsbotswana.info/jobs/graduate-trainee-programme-botswana-savings-bank/,GRADUATE TRAINEE PROGRAMME – Botswana Savings Bank,Botswana Savings Bank,posted,2026-07-31T06:50:44.667882,1524.0
17f8dc66dacb290e,https://jobsbotswana.info/jobs/head-of-risk-management-botswana-telecommunications-corporation/,HEAD OF RISK MANAGEMENT – Botswana Telecommunications Corporation,Botswana Telecommunications Corporation,posted,2026-07-31T06:51:02.038628,1526.0
067afcccc17b8d9b,https://jobsbotswana.info/jobs/head-of-school-the-university-of-botswana/,HEAD OF SCHOOL – The University of Botswana,The University of Botswana,posted,2026-07-31T06:51:19.397308,1527.0
37faf7f57ba655fa,https://jobsbotswana.info/jobs/herd-boy-precision-agricultural-supplies-pty-ltd/,HERD BOY – Precision Agricultural Supplies Pty Ltd,Precision Agricultural Supplies Pty Ltd,posted,2026-07-31T06:51:35.519605,1529.0
556ae99842bd24f8,https://jobsbotswana.info/jobs/history-geography-teacher-the-learning-centre-school/,HISTORY/GEOGRAPHY TEACHER – The Learning Centre School,The Learning Centre School,posted,2026-07-31T06:51:51.373429,1531.0
2aeecf5d94e09516,https://jobsbotswana.info/jobs/kitchen-cleaners-2-positions-sleek-foods/,KITCHEN CLEANERS (2 POSITIONS) – Sleek Foods,Sleek Foods,posted,2026-07-31T06:52:07.644041,1533.0
4e65d8afe77738cf,https://jobsbotswana.info/jobs/kitchen-cleaners-sleek-foods/,KITCHEN CLEANERS – Sleek Foods,Sleek Foods,posted,2026-07-31T06:52:23.833828,1535.0
55b1f659c7c79f40,https://jobsbotswana.info/jobs/kitchen-hands-sleek-foods/,KITCHEN HANDS – Sleek Foods,Sleek Foods,posted,2026-07-31T06:52:40.903972,1537.0
e1914873609e7c3e,https://jobsbotswana.info/jobs/kitchen-supervisor-lead-cook-2/,KITCHEN SUPERVISOR / LEAD COOK,Jobs Botswana,posted,2026-07-31T06:52:54.299290,1538.0
80ea1225ebef5525,https://jobsbotswana.info/jobs/kitchen-supervisor-lead-cook/,KITCHEN SUPERVISOR/ LEAD COOK,Jobs Botswana,posted,2026-07-31T06:53:08.869889,1539.0
f5bf10f284b57d0c,https://jobsbotswana.info/jobs/management-accountant-local-enterprise-authority-lea/,MANAGEMENT ACCOUNTANT – Local Enterprise Authority (LEA),Local Enterprise Authority (LEA),posted,2026-07-31T06:53:23.729518,1540.0
cee52fb07f3e4e72,https://jobsbotswana.info/jobs/manager-product-development-botswana-savings-bank/,"MANAGER, PRODUCT DEVELOPMENT – Botswana Savings Bank",Botswana Savings Bank,posted,2026-07-31T06:53:40.801206,1542.0
817da415aaf40b38,https://jobsbotswana.info/jobs/managing-director-electrical-engineering-consultancy-scales-associates-pty-ltd/,MANAGING DIRECTOR – ELECTRICAL ENGINEERING CONSULTANCY – Scales Associates (Pty) Ltd,Scales Associates (Pty) Ltd,posted,2026-07-31T06:53:59.507119,1544.0
2078840ec7bd4f03,https://jobsbotswana.info/jobs/marketing-assistant-grace-mary-coaching/,MARKETING ASSISTANT – Grace Mary Coaching,Grace Mary Coaching,posted,2026-07-31T06:54:17.362397,1546.0
4f13e0a4f6272d17,https://jobsbotswana.info/jobs/mechanical-maintenance-engineer-botswana-power-corporation/,MECHANICAL MAINTENANCE ENGINEER – Botswana Power Corporation,Botswana Power Corporation,posted,2026-07-31T06:54:29.456435,1393.0
7b7f1f35b18849f8,https://jobsbotswana.info/jobs/office-administrator-s-g-mariri-attorneys/,OFFICE ADMINISTRATOR – S.g. Mariri Attorneys,S.G. MARIRI ATTORNEYS,posted,2026-07-31T06:54:45.899125,1548.0
152bce76b666c5a1,https://jobsbotswana.info/jobs/operations-manager-lion-park-resort-2/,OPERATIONS MANAGER – Lion Park Resort,Lion Park Resort,posted,2026-07-31T06:55:03.728289,1550.0
3991bc180a2fcb90,https://jobsbotswana.info/jobs/operations-manager-sefalana-cash-carry-limited/,OPERATIONS MANAGER – Sefalana Cash & Carry Limited,Sefalana Cash & Carry Limited,posted,2026-07-31T06:55:22.329400,1552.0
fd628e12fcae6a65,https://jobsbotswana.info/jobs/operations-manager-the-lion-park-resort/,OPERATIONS MANAGER – The Lion Park Resort,The Lion Park Resort,posted,2026-07-31T06:55:37.241527,321.0
7fe2041fa90318a2,https://jobsbotswana.info/jobs/plant-manager-dikgang-publishing-company/,PLANT MANAGER – Dikgang Publishing Company,Dikgang Publishing Company,posted,2026-07-31T06:55:55.146604,1554.0
7ac18f322fab4ca5,https://jobsbotswana.info/jobs/primary-head-of-school-hibiscus-group-of-schools/,PRIMARY HEAD OF SCHOOL – Hibiscus Group of Schools,HIBISCUS GROUP OF SCHOOLS,posted,2026-07-31T06:56:09.288532,1555.0
ed74022b3504b00d,https://jobsbotswana.info/jobs/principal-standards-engineer-botswana-bureau-of-standards-2/,PRINCIPAL STANDARDS ENGINEER – Botswana Bureau of Standards,Botswana Bureau of Standards,posted,2026-07-31T06:56:21.638277,1410.0
710db64a291e8184,https://jobsbotswana.info/jobs/procurement-of-a-works-contract-for-the-construction-of-one-01-la-2-staff-house-and-associated-works-in-serule-village-tonota-district-council/,PROCUREMENT OF A WORKS CONTRACT FOR THE CONSTRUCTION OF ONE (01) LA 2 STAFF HOUSE AND ASSOCIATED WORKS IN SERULE VILLAGE – Tonota District Council,Tonota District Council,posted,2026-07-31T06:56:37.030703,1556.0
e9284a62fce2e2e1,https://jobsbotswana.info/jobs/production-operators-delta-automotive-technologies-pty-ltd-2/,PRODUCTION OPERATORS – DELTA Automotive Technologies (Pty) Ltd,DELTA Automotive Technologies (Pty) Ltd,posted,2026-07-31T06:56:54.079170,1558.0
c6e4e6177e1cb2d6,https://jobsbotswana.info/jobs/professional-dietician-university-of-botswana-2/,PROFESSIONAL: DIETICIAN – University of Botswana,University of Botswana,posted,2026-07-31T06:57:13.107020,1560.0
731d17a8fae35ff0,https://jobsbotswana.info/jobs/professional-student-leadership-empowerment-and-programmes-university-of-botswana-2/,PROFESSIONAL: STUDENT LEADERSHIP EMPOWERMENT AND PROGRAMMES – University of Botswana,University of Botswana,posted,2026-07-31T06:57:31.210794,1562.0
78d31ac723329140,https://jobsbotswana.info/jobs/professor-in-mineralogy-geology-the-university-of-botswana-2/,PROFESSOR IN MINERALOGY/GEOLOGY – The University of Botswana,The University of Botswana,posted,2026-07-31T06:57:47.924049,1563.0
0d92993f32ec1b32,https://jobsbotswana.info/jobs/professor-in-mineralogy-geology-university-of-botswana-2/,PROFESSOR IN MINERALOGY/GEOLOGY – University of Botswana,University of Botswana,posted,2026-07-31T06:58:07.887294,1565.0
6e17da8d83fda738,https://jobsbotswana.info/jobs/psychologist-university-of-botswana-2/,PSYCHOLOGIST – University of Botswana,University of Botswana,posted,2026-07-31T06:58:25.822993,1567.0
2d920f90684c5188,https://jobsbotswana.info/jobs/quality-controller-bolux-group-pty-ltd/,QUALITY CONTROLLER – Bolux Group (Pty) Ltd,BOLUX GROUP (PTY) LTD,posted,2026-07-31T06:58:47.222751,1569.0
64ac2a52887fb8c5,https://jobsbotswana.info/jobs/sales-agents-pendisa-insurance-agency-2/,SALES AGENTS – Pendisa Insurance Agency,Pendisa Insurance Agency,posted,2026-07-31T06:59:02.302279,1571.0
d883d08a6f4dac47,https://jobsbotswana.info/jobs/sales-and-marketing-officer-gamazine-suppliers-bw-2/,SALES AND MARKETING OFFICER – Gamazine Suppliers BW,GAMAZINE SUPPLIERS BW,posted,2026-07-31T06:59:27.651139,1573.0
5b98e720284c0605,https://jobsbotswana.info/jobs/school-finance-manager-john-mackenzie-school/,SCHOOL FINANCE MANAGER – John Mackenzie School,JOHN MACKENZIE SCHOOL,posted,2026-07-31T06:59:45.800949,1575.0
d112bb516208a976,https://jobsbotswana.info/jobs/security-officer-okavango-diamond-company-odc/,SECURITY OFFICER – Okavango Diamond Company (ODC),Okavango Diamond Company (ODC),posted,2026-07-31T07:00:05.753552,1577.0
019a2ade11af58df,https://jobsbotswana.info/jobs/senior-lecturer-i-child-health-nursing-paediatrics-bamalete-lutheran-school-of-nursing-ramotswa/,SENIOR LECTURER I-CHILD HEALTH NURSING-PAEDIATRICS – Bamalete Lutheran School of Nursing- Ramotswa,Bamalete Lutheran School of Nursing- Ramotswa,posted,2026-07-31T07:00:24.720432,1579.0
f4d6e57da475ac7d,https://jobsbotswana.info/jobs/senior-lecturer-ii-child-health-nursing-paediatrics-bamalete-lutheran-school-of-nursing-ramotswa/,SENIOR LECTURER II- CHILD HEALTH NURSING-PAEDIATRICS – Bamalete Lutheran School of Nursing- Ramotswa,Bamalete Lutheran School of Nursing- Ramotswa,posted,2026-07-31T07:00:42.882049,1581.0
7fb12bb0ee6cebde,https://jobsbotswana.info/jobs/senior-lecturer-in-sedimentology-geology-the-university-of-botswana-2/,SENIOR LECTURER IN SEDIMENTOLOGY (GEOLOGY) – The University of Botswana,The University of Botswana,posted,2026-07-31T07:01:01.037989,1582.0
fc7c66c6a54d3cb8,https://jobsbotswana.info/jobs/senior-lecturer-in-sedimentology-the-university-of-botswana/,SENIOR LECTURER IN SEDIMENTOLOGY – The University of Botswana,The University of Botswana,posted,2026-07-31T07:01:17.813236,1583.0
6f4f3eec10dfae77,https://jobsbotswana.info/jobs/senior-professional-health-promotion-and-education-university-of-botswana-2/,SENIOR PROFESSIONAL: HEALTH PROMOTION AND EDUCATION – University of Botswana,University of Botswana,posted,2026-07-31T07:01:35.625750,1585.0
ce9679cd6190ad71,https://jobsbotswana.info/jobs/senior-psychologist-university-of-botswana-2/,SENIOR PSYCHOLOGIST – University of Botswana,University of Botswana,posted,2026-07-31T07:01:49.786497,1587.0
b984bf1ee18a7912,https://jobsbotswana.info/jobs/senior-security-officer-okavango-diamond-company-odc/,SENIOR SECURITY OFFICER – Okavango Diamond Company (ODC),Okavango Diamond Company (ODC),posted,2026-07-31T07:02:08.532647,1589.0
8ba9dc2261eb8776,https://jobsbotswana.info/jobs/senior-security-officer-security-officer-cctv-operator-okavango-diamond-company/,"SENIOR SECURITY OFFICER, SECURITY OFFICER, CCTV OPERATOR – Okavango Diamond Company",Okavango Diamond Company,posted,2026-07-31T07:02:28.549426,1591.0
c20618ad6f65ea9b,https://jobsbotswana.info/jobs/senior-technician-chemistry-the-university-of-botswana/,SENIOR TECHNICIAN (CHEMISTRY) – The University of Botswana,The University of Botswana,posted,2026-07-31T07:02:46.624044,1592.0
f64ddbd9a619ce4e,https://jobsbotswana.info/jobs/senior-technician-chemistry-university-of-botswana-2/,SENIOR TECHNICIAN (CHEMISTRY) – University of Botswana,University of Botswana,posted,2026-07-31T07:03:04.876644,1594.0
122c45a7388f26f1,https://jobsbotswana.info/jobs/senior-technician-geology-the-university-of-botswana-2/,SENIOR TECHNICIAN – GEOLOGY – The University of Botswana,The University of Botswana,posted,2026-07-31T07:03:23.105278,1595.0
466d73defe7860eb,https://jobsbotswana.info/jobs/senior-technician-geology-university-of-botswana/,SENIOR TECHNICIAN – GEOLOGY – University of Botswana,University of Botswana,posted,2026-07-31T07:03:41.613003,1597.0
bb4c855ce2f98d29,https://jobsbotswana.info/jobs/senior-technician-geospatial-science-the-university-of-botswana-2/,SENIOR TECHNICIAN (GEOSPATIAL SCIENCE) – The University of Botswana,The University of Botswana,posted,2026-07-31T07:03:58.742245,1598.0
c12a06d5f5042a49,https://jobsbotswana.info/jobs/senior-technician-geospatial-science-university-of-botswana-2/,SENIOR TECHNICIAN (GEOSPATIAL SCIENCE) – University of Botswana,University of Botswana,posted,2026-07-31T07:04:18.455474,1600.0
5a08e57c594f2c14,https://jobsbotswana.info/jobs/senior-technician-physics-the-university-of-botswana-2/,SENIOR TECHNICIAN – PHYSICS – The University of Botswana,The University of Botswana,posted,2026-07-31T07:04:34.306780,1601.0
ef2c250b80704c88,https://jobsbotswana.info/jobs/senior-technician-physics-university-of-botswana-2/,SENIOR TECHNICIAN – PHYSICS – University of Botswana,University of Botswana,posted,2026-07-31T07:04:49.126678,1601.0
4c28a87183519e6a,https://jobsbotswana.info/jobs/senior-typist-bamalete-lutheran-school-of-nursing-ramotswa/,SENIOR TYPIST – Bamalete Lutheran School of Nursing- Ramotswa,Bamalete Lutheran School of Nursing- Ramotswa,posted,2026-07-31T07:05:08.132365,1603.0
8f451bd90f995aac,https://jobsbotswana.info/jobs/service-consultant_student-banking-x-13_6-months-ftc_gaborone-fnb-first-national-bank/,SERVICE CONSULTANT_STUDENT BANKING X 13_6 MONTHS FTC_GABORONE – FNB (First National Bank),FNB (First National Bank),posted,2026-07-31T07:05:25.916366,1605.0
c2bfadc947fc545a,https://jobsbotswana.info/jobs/shop-assistant-braintec/,SHOP ASSISTANT – Braintec,Braintec,posted,2026-07-31T07:05:41.803324,1607.0
ce78c69387328c7e,https://jobsbotswana.info/jobs/social-worker-university-of-botswana-2/,SOCIAL WORKER – University of Botswana,University of Botswana,posted,2026-07-31T07:05:58.405824,1609.0
02cafdf0c18fe20f,https://jobsbotswana.info/jobs/spa-therapist-beautician-maru-lana-spas/,SPA THERAPIST / BEAUTICIAN – Maru-lana Spas,Maru-lana Spas,posted,2026-07-31T07:06:15.425678,1611.0
3890eb69803d23ad,https://jobsbotswana.info/jobs/supplier-chain-store-manager-tsetseng-retail-group-pty-ltd-t-a-super-spar/,SUPPLIER CHAIN STORE MANAGER – Tsetseng Retail Group (Pty) Ltd t/a Super Spar,Tsetseng Retail Group (Pty) Ltd t/a Super Spar,posted,2026-07-31T07:06:33.183869,1613.0
243a4787d2d665e5,https://jobsbotswana.info/jobs/system-helpdesk-administrator-botswana-stock-exchange-limited-bse/,SYSTEM & HELPDESK ADMINISTRATOR – Botswana Stock Exchange Limited (Bse),BOTSWANA STOCK EXCHANGE LIMITED (BSE),posted,2026-07-31T07:06:51.196843,1615.0
5d461708217cc438,https://jobsbotswana.info/jobs/teaching-positions-class-teacher-sports-ict-traditional-dance-instructor-teacher-aide-legae-english-medium-school/,"TEACHING POSITIONS (CLASS TEACHER, SPORTS, ICT, TRADITIONAL DANCE INSTRUCTOR & TEACHER AIDE) – Legae English Medium School",Legae English Medium School,posted,2026-07-31T07:07:07.619035,1617.0
92b2c40d73b7c5ce,https://jobsbotswana.info/jobs/teaching-positions-class-teacher-std-1-7-sports-ict-traditional-dance-instructor-teacher-aide-legae-english-medium-school/,TEACHING POSITIONS (CLASS TEACHER STD 1-7 / SPORTS / ICT / TRADITIONAL DANCE INSTRUCTOR / TEACHER AIDE) – Legae English Medium School,Legae English Medium School,posted,2026-07-31T07:07:24.221586,1619.0
a37342e15bc7d126,https://jobsbotswana.info/jobs/telesales-officers-bayport-financial-services/,TELESALES OFFICERS – Bayport Financial Services,Bayport Financial Services,posted,2026-07-31T07:07:40.517158,1620.0
54ac3f472942c34d,https://jobsbotswana.info/jobs/tender-a-frame-work-contract-for-the-supply-and-delivery-of-uniform-protective-clothing-and-footwear-to-palapye-district-council-palapye-district-council/,"TENDER: A FRAME-WORK CONTRACT FOR THE SUPPLY AND DELIVERY OF UNIFORM, PROTECTIVE CLOTHING AND FOOTWEAR TO PALAPYE DISTRICT COUNCIL – Palapye District Council",Palapye District Council,posted,2026-07-31T07:07:57.312156,1622.0
1021e5d0f20b6fb9,https://jobsbotswana.info/jobs/tender-for-the-supply-installation-and-configuration-of-an-enterprise-storage-infrastructure-non-bank-financial-institutions-regulatory-authority/,"TENDER FOR THE SUPPLY, INSTALLATION AND CONFIGURATION OF AN ENTERPRISE STORAGE INFRASTRUCTURE – Non-Bank Financial Institutions Regulatory Authority",Non-Bank Financial Institutions Regulatory Authority,posted,2026-07-31T07:08:16.748539,1623.0
512257088c19a3f9,https://jobsbotswana.info/jobs/untitled/,UNTITLED,Jobs Botswana,posted,2026-07-31T07:08:27.734919,1444.0
05d6b182b5750085,https://jobsbotswana.info/jobs/writer-lesedi-television-2/,WRITER – Lesedi Television,Lesedi Television,posted,2026-07-31T07:08:44.704297,1625.0
ebdeca8bbcecc0b8,https://jobsbotswana.info/jobs/administrative-officer-financial-literacy-initiative/,ADMINISTRATIVE OFFICER – Financial Literacy Initiative,Financial Literacy Initiative,posted,2026-08-01T06:19:58.361899,1627.0
eeb2004da9b4ef7e,https://jobsbotswana.info/jobs/associate-professor-in-hydrology-and-water-resources-the-university-of-botswana/,ASSOCIATE PROFESSOR IN HYDROLOGY AND WATER RESOURCES – The University of Botswana,The University of Botswana,posted,2026-08-01T06:20:12.078672,1455.0
3eba94a785c2fb62,https://jobsbotswana.info/jobs/associate-professor-in-hydrology-and-water-resources-university-of-botswana/,ASSOCIATE PROFESSOR IN HYDROLOGY AND WATER RESOURCES – University of Botswana,University of Botswana,posted,2026-08-01T06:20:26.409633,1455.0
27051a25a5b4ba63,https://jobsbotswana.info/jobs/chief-internal-auditor-chobe-explorations/,CHIEF INTERNAL AUDITOR – Chobe Explorations,Chobe Explorations,posted,2026-08-01T06:20:43.913612,1629.0
9eb6a52539bea87f,https://jobsbotswana.info/jobs/chief-technician-geology-the-university-of-botswana-3/,CHIEF TECHNICIAN – GEOLOGY – The University of Botswana,The University of Botswana,posted,2026-08-01T06:20:59.452597,1597.0
bef4c08e7cd899b2,https://jobsbotswana.info/jobs/chief-technician-physics-university-of-botswana-3/,CHIEF TECHNICIAN – PHYSICS – University of Botswana,University of Botswana,posted,2026-08-01T06:21:12.536094,1472.0
34d982ad5281fc75,https://jobsbotswana.info/jobs/collateral-officer-standard-bank/,COLLATERAL OFFICER – Standard Bank,Standard Bank,posted,2026-08-01T06:21:28.899418,1630.0
a440d047b6148fcb,https://jobsbotswana.info/jobs/counsellor-part-time-1-post-university-of-botswana/,COUNSELLOR (PART- TIME) – 1 POST – University of Botswana,University of Botswana,posted,2026-08-01T06:21:45.581446,1632.0
6ee513d8bdd97aef,https://jobsbotswana.info/jobs/counsellor-part-time-university-of-botswana-3/,COUNSELLOR (PART-TIME) – University of Botswana,University of Botswana,posted,2026-08-01T06:22:03.826200,1634.0
6580a392581332b1,https://jobsbotswana.info/jobs/counsellor-university-of-botswana-3/,COUNSELLOR – University of Botswana,University of Botswana,posted,2026-08-01T06:22:20.613790,1636.0
1f0c717960b4bb57,https://jobsbotswana.info/jobs/drilling-survey-and-engineering-team-multiple-positions-wsgri-engineering-surveying-incorporation-limited/,DRILLING SURVEY AND ENGINEERING TEAM (MULTIPLE POSITIONS) – WSGRI Engineering & Surveying Incorporation Limited,WSGRI Engineering & Surveying Incorporation Limited,posted,2026-08-01T06:22:37.666221,1638.0
a071eddf840c7881,https://jobsbotswana.info/jobs/driver-iii-department-of-national-museum-and-monument/,DRIVER III – Department of National Museum and Monument,Department of National Museum and Monument,posted,2026-08-01T06:22:50.891897,1343.0
53bbee2d2c861d52,https://jobsbotswana.info/jobs/financial-controller-the-travel-centre-botswana-pty-ltd-t-a-harvey-world-travel-gaborone/,FINANCIAL CONTROLLER – The Travel Centre (Botswana) (Pty) Ltd T/a Harvey World Travel Gaborone,THE TRAVEL CENTRE (BOTSWANA) (PTY) LTD t/a HARVEY WORLD TRAVEL GABORONE,posted,2026-08-01T06:23:07.180757,1639.0
4666c03e2090ee9c,https://jobsbotswana.info/jobs/front-des-work-officer-mochudi-centre-chiefs-sporting-club/,FRONT DES WORK OFFICER – Mochudi Centre Chiefs Sporting Club,Mochudi Centre Chiefs Sporting Club,posted,2026-08-01T06:23:23.267173,1641.0
7416187d60d7b83c,https://jobsbotswana.info/jobs/front-desk-officer-mochudi-centre-chiefs-sporting-club/,FRONT DESK OFFICER – Mochudi Centre Chiefs Sporting Club,Mochudi Centre Chiefs Sporting Club,posted,2026-08-01T06:23:38.220584,1643.0
bcfd54ca0e90262c,https://jobsbotswana.info/jobs/graduate-trainee-programme-botswana-savings-bank-2/,GRADUATE TRAINEE PROGRAMME – Botswana Savings Bank,BOTSWANA SAVINGS BANK,posted,2026-08-01T06:23:48.628177,1524.0
da46c32dbe1b7d66,https://jobsbotswana.info/jobs/inbound-team-leader-standard-bank/,INBOUND TEAM LEADER – Standard Bank,Standard Bank,posted,2026-08-01T06:24:04.202517,1644.0
d2b407eaefa5a547,https://jobsbotswana.info/jobs/lodge-manager-wilderness-2/,LODGE MANAGER – Wilderness,WILDERNESS,posted,2026-08-01T06:24:16.623508,1645.0
7178bc370d21720a,https://jobsbotswana.info/jobs/meat-inspector-veterinary-officer-maun-export-abattoirs/,MEAT INSPECTOR / VETERINARY OFFICER – Maun Export Abattoirs,Maun Export Abattoirs,posted,2026-08-01T06:24:30.364538,1646.0
de08fb94d7d4b599,https://jobsbotswana.info/jobs/occupational-health-safety-specialist-standard-bank/,OCCUPATIONAL HEALTH & SAFETY SPECIALIST – Standard Bank,Standard Bank,posted,2026-08-01T06:24:47.696964,1647.0
13c7d3b261ad0947,https://jobsbotswana.info/jobs/pharmacists-wodge-investment-pty-ltd/,PHARMACISTS – Wodge Investment (Pty) Ltd,WODGE INVESTMENT (PTY) LTD,posted,2026-08-01T06:25:05.088925,1648.0
cac70e9c18ee2616,https://jobsbotswana.info/jobs/professional-dietician-university-of-botswana-3/,PROFESSIONAL: DIETICIAN – University of Botswana,University of Botswana,posted,2026-08-01T06:25:20.428982,1560.0
7341685787763e7e,https://jobsbotswana.info/jobs/professional-student-leadership-empowerment-and-programmes-university-of-botswana-3/,PROFESSIONAL: STUDENT LEADERSHIP EMPOWERMENT AND PROGRAMMES – University of Botswana,University of Botswana,posted,2026-08-01T06:25:36.739285,1650.0
49ce5fb028c2f511,https://jobsbotswana.info/jobs/professor-in-mineralogy-geology-the-university-of-botswana-3/,PROFESSOR IN MINERALOGY/GEOLOGY – The University of Botswana,The University of Botswana,posted,2026-08-01T06:25:50.839439,1563.0
0f4379b429373d49,https://jobsbotswana.info/jobs/professor-in-mineralogy-geology-university-of-botswana/,PROFESSOR IN MINERALOGY/GEOLOGY – University of Botswana,University of Botswana,posted,2026-08-01T06:26:06.027444,1563.0
2043eaa334953e56,https://jobsbotswana.info/jobs/psychologist-university-of-botswana-3/,PSYCHOLOGIST – University of Botswana,University of Botswana,posted,2026-08-01T06:26:20.751637,1567.0
1704edecced3a674,https://jobsbotswana.info/jobs/sales-agents-pendisa-insurance-agency-3/,SALES AGENTS – Pendisa Insurance Agency,Pendisa Insurance Agency,posted,2026-08-01T06:26:35.717170,1652.0
53e35c4d54092201,https://jobsbotswana.info/jobs/sales-and-marketing-officer-gamazine-suppliers-bw/,SALES AND MARKETING OFFICER – Gamazine Suppliers BW,GAMAZINE SUPPLIERS BW,posted,2026-08-01T06:26:52.240246,1654.0
7fdc9bdf3a4d30b8,https://jobsbotswana.info/jobs/senior-lecturer-in-sedimentology-geology-the-university-of-botswana-3/,SENIOR LECTURER IN SEDIMENTOLOGY (GEOLOGY) – The University of Botswana,The University of Botswana,posted,2026-08-01T06:27:09.431423,1655.0
cbe970fbeb391a88,https://jobsbotswana.info/jobs/senior-professional-health-promotion-and-education-university-of-botswana-3/,SENIOR PROFESSIONAL: HEALTH PROMOTION AND EDUCATION – University of Botswana,University of Botswana,posted,2026-08-01T06:27:23.026591,1585.0
54a689bae525c1f4,https://jobsbotswana.info/jobs/senior-psychologist-university-of-botswana-3/,SENIOR PSYCHOLOGIST – University of Botswana,University of Botswana,posted,2026-08-01T06:27:42.428459,1657.0
4fcdf0fbff335b03,https://jobsbotswana.info/jobs/senior-technician-chemistry-university-of-botswana/,SENIOR TECHNICIAN (CHEMISTRY) – University of Botswana,University of Botswana,posted,2026-08-01T06:28:02.682515,1659.0
bfa0015aced0e6f2,https://jobsbotswana.info/jobs/senior-technician-geology-the-university-of-botswana-3/,SENIOR TECHNICIAN – GEOLOGY – The University of Botswana,The University of Botswana,posted,2026-08-01T06:28:18.886515,1660.0
93b2bbb629b51ae7,https://jobsbotswana.info/jobs/senior-technician-geospatial-science-the-university-of-botswana/,SENIOR TECHNICIAN (GEOSPATIAL SCIENCE) – The University of Botswana,The University of Botswana,posted,2026-08-01T06:28:33.927333,1598.0
09a680abf34a1cbb,https://jobsbotswana.info/jobs/senior-technician-geospatial-science-university-of-botswana-3/,SENIOR TECHNICIAN (GEOSPATIAL SCIENCE) – University of Botswana,University of Botswana,posted,2026-08-01T06:28:51.230855,1662.0
d1ce288ca9bb820c,https://jobsbotswana.info/jobs/senior-technician-physics-the-university-of-botswana/,SENIOR TECHNICIAN – PHYSICS – The University of Botswana,The University of Botswana,posted,2026-08-01T06:29:05.872856,1470.0
a1c5e22f49d493c7,https://jobsbotswana.info/jobs/senior-technician-physics-university-of-botswana-3/,SENIOR TECHNICIAN – PHYSICS – University of Botswana,University of Botswana,posted,2026-08-01T06:29:19.855753,1470.0
b5a75756f82af5e4,https://jobsbotswana.info/jobs/shop-assistant-dispatch-stock-control-braintec-2/,SHOP ASSISTANT (DISPATCH & STOCK CONTROL) – Braintec,BRAINTEC,posted,2026-08-01T06:29:33.695776,1664.0
64dd10480b576408,https://jobsbotswana.info/jobs/shop-attendant-bar-attendant-khunwane-bar/,SHOP ATTENDANT & BAR ATTENDANT – Khunwane Bar,Khunwane Bar,posted,2026-08-01T06:29:48.405166,1665.0
30ffd82e183e67b4,https://jobsbotswana.info/jobs/social-worker-university-of-botswana-3/,SOCIAL WORKER – University of Botswana,University of Botswana,posted,2026-08-01T06:30:06.060374,1667.0
c63cedfb60d0cc12,https://jobsbotswana.info/jobs/temporary-assistant-scientific-technical-officers-4-posts-ministry-of-lands-and-agriculture-department-of-veterinary-services/,TEMPORARY ASSISTANT SCIENTIFIC/TECHNICAL OFFICERS (4 POSTS) – Ministry of Lands and Agriculture Department of Veterinary Services,Ministry of Lands and Agriculture Department of Veterinary Services,posted,2026-08-01T06:30:24.344524,1669.0
03a6b2f7e664723b,https://jobsbotswana.info/jobs/tour-sales-consultant-africa-safari-trips/,TOUR SALES CONSULTANT – Africa Safari Trips,Africa Safari Trips,posted,2026-08-01T06:30:40.510464,1671.0
535a71a3136ea1e1,https://jobsbotswana.info/jobs/various-positions-wsgri-engineering-surveying-incorporation-limited/,VARIOUS POSITIONS – WSGRI Engineering & Surveying Incorporation Limited,WSGRI Engineering & Surveying Incorporation Limited,posted,2026-08-01T06:30:58.012472,1673.0
de05eb8627391a5f,https://jobsbotswana.info/jobs/water-bowser-driver-core-water-supply/,WATER BOWSER DRIVER – Core Water Supply,Core Water Supply,posted,2026-08-01T06:31:11.973950,1674.0
39f4219926f87c5d,https://jobsbotswana.info/jobs/2026-ub-foundation-northern-trust-scholarships-university-of-botswana-foundation/,2026 UB FOUNDATION – NORTHERN TRUST SCHOLARSHIPS – University of Botswana Foundation,University of Botswana Foundation,posted,2026-08-03T06:50:04.563305,1676.0
440807c3a05ad5b2,https://jobsbotswana.info/jobs/chief-technician-geology-the-university-of-botswana/,CHIEF TECHNICIAN – GEOLOGY – The University of Botswana,The University of Botswana,posted,2026-08-03T06:50:29.577922,1677.0
979620ee1ed0d397,https://jobsbotswana.info/jobs/chief-technician-physics-university-of-botswana-4/,CHIEF TECHNICIAN – PHYSICS – University of Botswana,University of Botswana,posted,2026-08-03T06:50:44.215140,1472.0
3221a0c49eac90ce,https://jobsbotswana.info/jobs/counsellor-university-of-botswana-4/,COUNSELLOR – University of Botswana,University of Botswana,posted,2026-08-03T06:50:58.780867,1636.0
13d1acae9e0e137a,https://jobsbotswana.info/jobs/lodge-manager-wilderness/,LODGE MANAGER – Wilderness,Wilderness,posted,2026-08-03T06:51:13.234979,1645.0
95b68ece98622b97,https://jobsbotswana.info/jobs/multiple-positions-senior-contract-engineer-surfacing-foreman-plant-operators-drivers-etc-bango-trading-pty-ltd/,"MULTIPLE POSITIONS (SENIOR CONTRACT ENGINEER, SURFACING FOREMAN, PLANT OPERATORS, DRIVERS, ETC.) – Bango Trading (Pty) Ltd",Bango Trading (Pty) Ltd,posted,2026-08-03T06:51:32.901199,1679.0
3ab510af52e70775,https://jobsbotswana.info/jobs/professional-dietician-university-of-botswana-4/,PROFESSIONAL: DIETICIAN – University of Botswana,University of Botswana,posted,2026-08-03T06:51:49.178596,1560.0
35453a9c991df51c,https://jobsbotswana.info/jobs/professional-student-leadership-empowerment-and-programmes-university-of-botswana-4/,PROFESSIONAL: STUDENT LEADERSHIP EMPOWERMENT AND PROGRAMMES – University of Botswana,University of Botswana,posted,2026-08-03T06:52:07.600423,1681.0
a78a7489d6105d87,https://jobsbotswana.info/jobs/professor-in-mineralogy-geology-the-university-of-botswana/,PROFESSOR IN MINERALOGY/GEOLOGY – The University of Botswana,The University of Botswana,posted,2026-08-03T06:52:26.554965,1682.0
f6d2610ef2294b76,https://jobsbotswana.info/jobs/psychologist-university-of-botswana-4/,PSYCHOLOGIST – University of Botswana,University of Botswana,posted,2026-08-03T06:52:46.307840,1684.0
9fe47dcf2481958c,https://jobsbotswana.info/jobs/safari-guide-safari-chef-delta-ecowild-safaris/,SAFARI GUIDE & SAFARI CHEF – Delta Ecowild Safaris,DELTA ECOWILD SAFARIS,posted,2026-08-03T06:53:03.751348,1686.0
2b3d1554421d19e7,https://jobsbotswana.info/jobs/sales-representative-toilet-treasure-2/,SALES REPRESENTATIVE – Toilet Treasure,Toilet Treasure,posted,2026-08-03T06:53:20.957140,1688.0
578b9a755d05cda9,https://jobsbotswana.info/jobs/senior-lecturer-in-sedimentology-geology-the-university-of-botswana-4/,SENIOR LECTURER IN SEDIMENTOLOGY (GEOLOGY) – The University of Botswana,The University of Botswana,posted,2026-08-03T06:53:41.163375,1689.0
dbdaa11b5c3f2757,https://jobsbotswana.info/jobs/senior-professional-health-promotion-and-education-university-of-botswana-4/,SENIOR PROFESSIONAL: HEALTH PROMOTION AND EDUCATION – University of Botswana,University of Botswana,posted,2026-08-03T06:53:58.681981,1691.0
88970e0868e9ebfc,https://jobsbotswana.info/jobs/senior-psychologist-university-of-botswana-4/,SENIOR PSYCHOLOGIST – University of Botswana,University of Botswana,posted,2026-08-03T06:54:17.070904,1657.0
aa382829c0a1c1b9,https://jobsbotswana.info/jobs/senior-technician-geology-the-university-of-botswana-4/,SENIOR TECHNICIAN – GEOLOGY – The University of Botswana,The University of Botswana,posted,2026-08-03T06:54:35.001540,1660.0
4ba71130e2cf7224,https://jobsbotswana.info/jobs/senior-technician-geospatial-science-university-of-botswana/,SENIOR TECHNICIAN (GEOSPATIAL SCIENCE) – University of Botswana,University of Botswana,posted,2026-08-03T06:54:50.608486,1598.0
097643a772b6dd9f,https://jobsbotswana.info/jobs/senior-technician-physics-university-of-botswana/,SENIOR TECHNICIAN – PHYSICS – University of Botswana,University of Botswana,posted,2026-08-03T06:55:04.737103,1601.0
850f35f563192e24,https://jobsbotswana.info/jobs/senior-typist-bamalete-lutheran-school-of-nursing/,SENIOR TYPIST – Bamalete Lutheran School of Nursing,Bamalete Lutheran School of Nursing,posted,2026-08-03T06:55:26.039751,1693.0
77cb27284f3157e9,https://jobsbotswana.info/jobs/shop-assistant-dispatch-stock-control-braintec/,SHOP ASSISTANT (DISPATCH & STOCK CONTROL) – Braintec,Braintec,posted,2026-08-03T06:55:42.914268,1695.0
4ca3b795f5a3e1d7,https://jobsbotswana.info/jobs/social-worker-university-of-botswana-4/,SOCIAL WORKER – University of Botswana,University of Botswana,posted,2026-08-03T06:56:03.314503,1697.0
e28c0dcbe3b827ac,https://jobsbotswana.info/jobs/talent-development-scheme-tds-project-lead-botswana-football-association/,TALENT DEVELOPMENT SCHEME (TDS) PROJECT LEAD – Botswana Football Association,Botswana Football Association,posted,2026-08-03T06:56:21.203834,1698.0
83c2e5dc4737bad5,https://jobsbotswana.info/jobs/temporary-office-cleaner-ministry-of-sport-and-arts/,TEMPORARY OFFICE CLEANER – Ministry of Sport and Arts,Ministry of Sport and Arts,posted,2026-08-03T06:56:40.124750,1700.0
b7eb7092da218427,https://jobsbotswana.info/jobs/a-works-contract-for-the-procurement-of-pothole-patching-in-the-city-of-francistown-city-of-francistown-council/,A WORKS CONTRACT FOR THE PROCUREMENT OF POTHOLE PATCHING IN THE CITY OF FRANCISTOWN – City of Francistown Council,City of Francistown Council,posted,2026-08-05T06:13:40.370892,1702.0
3956c16276f54534,https://jobsbotswana.info/jobs/accounts-assistant-pelong-ya-botshelo/,ACCOUNTS ASSISTANT – Pelong Ya Botshelo,Pelong Ya Botshelo,posted,2026-08-05T06:14:00.584353,1704.0
8ca24969fe338f6a,https://jobsbotswana.info/jobs/bible-translator-bible-society-of-botswana/,BIBLE TRANSLATOR – Bible Society of Botswana,BIBLE SOCIETY OF BOTSWANA,posted,2026-08-05T06:14:18.168670,1706.0
6c191a83b2724f96,https://jobsbotswana.info/jobs/chief-technician-physics-university-of-botswana/,CHIEF TECHNICIAN – PHYSICS – University of Botswana,University of Botswana,posted,2026-08-05T06:14:32.321603,1472.0
36d2498457412ea4,https://jobsbotswana.info/jobs/core-network-traffic-engineer-mascom/,CORE NETWORK TRAFFIC ENGINEER – Mascom,Mascom,posted,2026-08-05T06:14:49.084962,1708.0
cf3b05c0e4781f38,https://jobsbotswana.info/jobs/counsellor-university-of-botswana/,COUNSELLOR – University of Botswana,University of Botswana,posted,2026-08-05T06:15:09.020932,1710.0
724947e876cc460a,https://jobsbotswana.info/jobs/deputy-managing-director-botswana-bureau-of-standards/,DEPUTY MANAGING DIRECTOR – Botswana Bureau of Standards,Botswana Bureau of Standards,posted,2026-08-05T06:15:28.400142,1712.0
4868048ff3a2706e,https://jobsbotswana.info/jobs/desk-top-engineer-pharmavision/,DESK TOP ENGINEER – Pharmavision,Pharmavision,posted,2026-08-05T06:15:45.824563,1714.0
334c78e21acac7bb,https://jobsbotswana.info/jobs/driver-minute-gas/,DRIVER – Minute Gas,Minute Gas,posted,2026-08-05T06:16:02.616601,1716.0
344862681f71c718,https://jobsbotswana.info/jobs/freelance-tswana-transcriptionist/,Freelance Tswana Transcriptionist,Jobs Botswana,posted,2026-08-05T06:16:18.737187,1717.0
1a2a7e2e380bdfee,https://jobsbotswana.info/jobs/fuel-tanker-driver-x4-emperio-transport-logistics/,FUEL TANKER DRIVER (X4) – Emperio Transport & Logistics,EMPERIO TRANSPORT & LOGISTICS,posted,2026-08-05T06:16:36.874501,1719.0
9251c4548b005e3a,https://jobsbotswana.info/jobs/head-bancassurance-business-development-botswana-insurance-company/,HEAD-BANCASSURANCE & BUSINESS DEVELOPMENT – Botswana Insurance Company,Botswana Insurance Company,posted,2026-08-05T06:16:58.065771,1721.0
7182b42a0a467085,https://jobsbotswana.info/jobs/lecturers-and-trainers-multiple-positions-kitso-international-college/,LECTURERS AND TRAINERS (MULTIPLE POSITIONS) – Kitso International College,Kitso International College,posted,2026-08-05T06:17:18.955155,1723.0
eeda0b501298019d,https://jobsbotswana.info/jobs/lecturers-trainers-multiple-positions-kitso-international-college/,LECTURERS & TRAINERS (MULTIPLE POSITIONS) – Kitso International College,Kitso International College,posted,2026-08-05T06:17:37.810545,1725.0
3cd866584bb1d754,https://jobsbotswana.info/jobs/legal-specialist-nmg-administrators-botswana/,LEGAL SPECIALIST – NMG Administrators Botswana,NMG Administrators Botswana,posted,2026-08-05T06:17:53.184419,1727.0
cfb7ff9c1f624e7a,https://jobsbotswana.info/jobs/mine-project-shift-supervisors-new__trashed/,Mine project shift supervisors New,Jobs Botswana,posted,2026-08-05T06:18:09.131369,1728.0
c3557c8080323d2e,https://jobsbotswana.info/jobs/part-time-adult-educator-abep-ministry-of-child-welfare-and-basic-education/,PART TIME ADULT EDUCATOR (ABEP) – Ministry of Child Welfare and Basic Education,Ministry of Child Welfare and Basic Education,posted,2026-08-05T06:18:26.468655,1730.0
4165a8b8cf14073c,https://jobsbotswana.info/jobs/pharmacist-intern-life-gaborone-private-hospital/,PHARMACIST INTERN – Life Gaborone Private Hospital,Life Gaborone Private Hospital,posted,2026-08-05T06:18:46.407933,1732.0
9cc6a7e879c36483,https://jobsbotswana.info/jobs/private-recruit-botswana-defence-force/,PRIVATE RECRUIT – Botswana Defence Force,Botswana Defence Force,posted,2026-08-05T06:19:05.115152,1734.0
c7e8d36bc9c5d755,https://jobsbotswana.info/jobs/professional-dietician-university-of-botswana-5/,PROFESSIONAL: DIETICIAN – University of Botswana,University of Botswana,posted,2026-08-05T06:19:19.582960,1560.0
4aadecf3502b592b,https://jobsbotswana.info/jobs/professional-student-leadership-empowerment-and-programmes-university-of-botswana-5/,PROFESSIONAL: STUDENT LEADERSHIP EMPOWERMENT AND PROGRAMMES – University of Botswana,University of Botswana,posted,2026-08-05T06:19:41.127678,1736.0
edb8c3df438eeedd,https://jobsbotswana.info/jobs/psychologist-university-of-botswana-5/,PSYCHOLOGIST – University of Botswana,University of Botswana,posted,2026-08-05T06:20:02.794070,1567.0
9059a86a44b98fb1,https://jobsbotswana.info/jobs/sales-production-assistant-brand-tower/,SALES & PRODUCTION ASSISTANT – Brand Tower,Brand Tower,posted,2026-08-05T06:20:25.425478,1738.0
bc234b27b0fc71dd,https://jobsbotswana.info/jobs/sales-representative-takuwa-natural-products/,SALES REPRESENTATIVE – Takuwa Natural Products,Takuwa Natural Products,posted,2026-08-05T06:20:42.534647,1740.0
9123c42a5cbbeefa,https://jobsbotswana.info/jobs/security-guard-general-attendant-elegant-exclusive-world-of-interiors-2/,SECURITY GUARD/GENERAL ATTENDANT – Elegant & Exclusive World of Interiors,Elegant & Exclusive World of Interiors,posted,2026-08-05T06:20:59.870100,1742.0
055b99418b684b56,https://jobsbotswana.info/jobs/senior-lecturer-in-sedimentology-geology-the-university-of-botswana/,SENIOR LECTURER IN SEDIMENTOLOGY (GEOLOGY) – The University of Botswana,The University of Botswana,posted,2026-08-05T06:21:15.799615,1582.0
7b617d304b91fbd9,https://jobsbotswana.info/jobs/senior-professional-health-promotion-and-education-university-of-botswana-5/,SENIOR PROFESSIONAL: HEALTH PROMOTION AND EDUCATION – University of Botswana,University of Botswana,posted,2026-08-05T06:21:29.871283,1585.0
562b9bcca08e3613,https://jobsbotswana.info/jobs/senior-psychologist-university-of-botswana-5/,SENIOR PSYCHOLOGIST – University of Botswana,University of Botswana,posted,2026-08-05T06:21:48.856192,1744.0
1c6d283eb0a28c93,https://jobsbotswana.info/jobs/senior-technician-geology-the-university-of-botswana/,SENIOR TECHNICIAN – GEOLOGY – The University of Botswana,The University of Botswana,posted,2026-08-05T06:22:06.135597,1597.0
fb9d54af4e9fbfe3,https://jobsbotswana.info/jobs/social-worker-university-of-botswana-5/,SOCIAL WORKER – University of Botswana,University of Botswana,posted,2026-08-05T06:22:24.632084,1746.0
30cae54604beeb8d,https://jobsbotswana.info/jobs/supply-and-delivery-of-750ml-sunflower-cooking-oil-direct-to-mahalapye-district-council-primary-schools-mahalapye-district-council/,SUPPLY AND DELIVERY OF 750ML SUNFLOWER COOKING OIL DIRECT TO MAHALAPYE DISTRICT COUNCIL PRIMARY SCHOOLS – Mahalapye District Council,Mahalapye District Council,posted,2026-08-05T06:22:44.023846,1748.0
ef14e3267f5fb226,https://jobsbotswana.info/jobs/teachers-mathematics-chemistry-physics-edu-hub-learning-centre/,TEACHERS (MATHEMATICS / CHEMISTRY / PHYSICS) – Edu Hub Learning Centre,Edu Hub Learning Centre,posted,2026-08-05T06:23:02.471549,1750.0
496872593654e4e5,https://jobsbotswana.info/jobs/vacancy-senior-typist-bamalete-lutheran-school-of-nursing/,VACANCY- SENIOR TYPIST – Bamalete Lutheran School of Nursing,Bamalete Lutheran School of Nursing,posted,2026-08-05T06:23:21.579421,1752.0
5a14e0322cf246e6,https://jobsbotswana.info/jobs/vice-principal-position/,Vice Principal Position,Jobs Botswana,posted,2026-08-05T06:23:37.809828,1753.0
59039743fc4d91d4,https://jobsbotswana.info/jobs/accounts-admin-clerk-bush-ways/,ACCOUNTS & ADMIN CLERK – Bush Ways,Bush Ways,posted,2026-08-07T05:23:15.474179,1755.0
04521dfc9fd46604,https://jobsbotswana.info/jobs/admin-assistant-cleaner-botswana-harvard-health-partnership/,ADMIN ASSISTANT/CLEANER – Botswana Harvard Health Partnership,Botswana Harvard Health Partnership,posted,2026-08-07T05:23:33.183593,1757.0
8c6741ea881afca0,https://jobsbotswana.info/jobs/administrative-regulatory-officer-botswana-harvard-health-partnership/,ADMINISTRATIVE REGULATORY OFFICER – Botswana Harvard Health Partnership,Botswana Harvard Health Partnership,posted,2026-08-07T05:23:49.903130,1759.0
2b08379addcf6ce4,https://jobsbotswana.info/jobs/assistant-project-officers-department-of-meteorological-services/,ASSISTANT PROJECT OFFICERS – Department of Meteorological Services,Department of Meteorological Services,posted,2026-08-07T05:24:08.864798,1761.0
bcc5acb75342298b,https://jobsbotswana.info/jobs/associate-director-enterprise-risk-services-ers-kpmg/,ASSOCIATE DIRECTOR – ENTERPRISE RISK SERVICES (ERS) – Kpmg,KPMG,posted,2026-08-07T05:24:27.147304,1763.0
e2c2c3e6cfba80fa,https://jobsbotswana.info/jobs/camp-management-officer-mmg-khoemacau-copper-mining/,CAMP MANAGEMENT OFFICER – Mmg-khoemacau Copper Mining,MMG-KHOEMACAU COPPER MINING,posted,2026-08-07T05:24:47.539652,1765.0
047f1c91c7a4716a,https://jobsbotswana.info/jobs/clinical-quality-management-system-officer-botswana-harvard-health-partnership/,CLINICAL QUALITY MANAGEMENT SYSTEM OFFICER – Botswana Harvard Health Partnership,Botswana Harvard Health Partnership,posted,2026-08-07T05:25:05.546709,1767.0
7be1008a002717e8,https://jobsbotswana.info/jobs/deputy-managing-director-botswana-bureau-of-standards-2/,DEPUTY MANAGING DIRECTOR – Botswana Bureau of Standards,BOTSWANA BUREAU OF STANDARDS,posted,2026-08-07T05:25:20.561846,1712.0
55dc2a19ee0c4192,https://jobsbotswana.info/jobs/driver-botswana-harvard-health-partnership/,DRIVER – Botswana Harvard Health Partnership,Botswana Harvard Health Partnership,posted,2026-08-07T05:25:39.073330,1769.0
4d8e4f87ecdcfef6,https://jobsbotswana.info/jobs/editorial-content-lead-gaborone-explorer/,EDITORIAL & CONTENT LEAD – Gaborone Explorer,Gaborone Explorer,posted,2026-08-07T05:25:56.572105,1771.0
216c1745538d98da,https://jobsbotswana.info/jobs/executive-chef-bush-ways/,EXECUTIVE CHEF – Bush Ways,Bush Ways,posted,2026-08-07T05:26:15.833752,1773.0
efced33e35ea25f5,https://jobsbotswana.info/jobs/head-internal-auditor-band-3-botswana-energy-regulatory-authority/,HEAD- INTERNAL AUDITOR -BAND 3 – Botswana Energy Regulatory Authority,Botswana Energy Regulatory Authority,posted,2026-08-07T05:26:33.336191,1774.0
b682100313a8e6fc,https://jobsbotswana.info/jobs/head-mechanic-natural-selection/,HEAD MECHANIC – Natural Selection,Natural Selection,posted,2026-08-07T05:26:52.464917,1776.0
be3ffa6de7e248d3,https://jobsbotswana.info/jobs/high-school-teacher-of-english-and-french-morula-school/,HIGH SCHOOL TEACHER OF ENGLISH AND FRENCH – Morula School,Morula School,posted,2026-08-07T05:27:08.437097,1777.0
6221f55e0a2552aa,https://jobsbotswana.info/jobs/independent-trustee-vivo-energy-botswana-staff-pension-fund/,INDEPENDENT TRUSTEE – Vivo Energy Botswana Staff Pension Fund,VIVO ENERGY BOTSWANA STAFF PENSION FUND,posted,2026-08-07T05:27:27.628691,1779.0
5cece3fa266627bf,https://jobsbotswana.info/jobs/intern-archives-and-records-management-motswedi-saccos-2/,INTERN ARCHIVES AND RECORDS MANAGEMENT – Motswedi SACCOS,Motswedi SACCOS,posted,2026-08-07T05:27:45.052787,1781.0
15cf57d494fd1979,https://jobsbotswana.info/jobs/intern-archives-and-records-management-motswedi-saccos/,INTERN – ARCHIVES AND RECORDS MANAGEMENT – Motswedi SACCOS,Motswedi SACCOS,posted,2026-08-07T05:28:03.947012,1783.0
27ef67994024957e,https://jobsbotswana.info/jobs/lecturer-diesel-plant-engineering-programme-gips/,LECTURER – DIESEL PLANT ENGINEERING PROGRAMME – Gips,GIPS,posted,2026-08-07T05:28:19.909948,1784.0
265d312c2c8f3e21,https://jobsbotswana.info/jobs/loan-administration-officer-magic-plum-pawn-shop/,LOAN ADMINISTRATION OFFICER – Magic Plum Pawn Shop,Magic Plum Pawn Shop,posted,2026-08-07T05:28:36.487980,1785.0
83a0880b10707ba3,https://jobsbotswana.info/jobs/marketer-the-prime-academy/,MARKETER – The Prime Academy,The Prime Academy,posted,2026-08-07T05:28:54.840870,1787.0
52429afa052e6f75,https://jobsbotswana.info/jobs/operational-manager-production-selebi-phikwe-citrus/,OPERATIONAL MANAGER – PRODUCTION – Selebi Phikwe Citrus,Selebi Phikwe Citrus,posted,2026-08-07T05:29:13.327127,1789.0
327393372267e669,https://jobsbotswana.info/jobs/operations-manager-fnb-first-national-bank/,OPERATIONS MANAGER – FNB (First National Bank),FNB (First National Bank),posted,2026-08-07T05:29:32.825929,1791.0
d72acaa6346a4f92,https://jobsbotswana.info/jobs/professional-dietician-university-of-botswana/,PROFESSIONAL: DIETICIAN – University of Botswana,University of Botswana,posted,2026-08-07T05:29:47.926258,1560.0
b5c85b242b4e98b7,https://jobsbotswana.info/jobs/professional-student-leadership-empowerment-and-programmes-university-of-botswana/,PROFESSIONAL: STUDENT LEADERSHIP EMPOWERMENT AND PROGRAMMES – University of Botswana,University of Botswana,posted,2026-08-07T05:30:03.747816,1562.0
0426098467c2ba62,https://jobsbotswana.info/jobs/provision-of-whistleblowing-services-botswana-international-university-of-science-and-technology/,PROVISION OF WHISTLEBLOWING SERVICES – Botswana International University of Science and Technology,Botswana International University of Science and Technology,posted,2026-08-07T05:30:22.554007,1793.0
52e14fab7b7c6129,https://jobsbotswana.info/jobs/psychologist-university-of-botswana/,PSYCHOLOGIST – University of Botswana,University of Botswana,posted,2026-08-07T05:30:37.471338,1567.0
b81bc51dd0b4d17b,https://jobsbotswana.info/jobs/quality-assurance-quality-control-lead-mmg-khoemacau-copper-mining/,QUALITY ASSURANCE QUALITY CONTROL LEAD – Mmg-khoemacau Copper Mining,MMG-KHOEMACAU COPPER MINING,posted,2026-08-07T05:30:57.809853,1795.0
bd8342f9ecb38857,https://jobsbotswana.info/jobs/relationship-manager-agribusiness-fnb-first-national-bank/,RELATIONSHIP MANAGER AGRIBUSINESS – FNB (First National Bank),FNB (First National Bank),posted,2026-08-07T05:31:14.516635,1797.0
25563dd0053da5a2,https://jobsbotswana.info/jobs/security-guard-general-attendant-elegant-exclusive-world-of-interiors/,SECURITY GUARD/GENERAL ATTENDANT – Elegant & Exclusive World Of Interiors,Elegant & Exclusive World Of Interiors,posted,2026-08-07T05:31:30.456117,1798.0
c5e77175589b5ee9,https://jobsbotswana.info/jobs/senior-manager-audit-kpmg/,SENIOR MANAGER – AUDIT – Kpmg,KPMG,posted,2026-08-07T05:31:48.510887,1800.0
ea05ba540b902b29,https://jobsbotswana.info/jobs/senior-professional-health-promotion-and-education-university-of-botswana/,SENIOR PROFESSIONAL: HEALTH PROMOTION AND EDUCATION – University of Botswana,University of Botswana,posted,2026-08-07T05:32:02.848957,1585.0
c2ca4703e748598e,https://jobsbotswana.info/jobs/senior-psychologist-university-of-botswana/,SENIOR PSYCHOLOGIST – University of Botswana,University of Botswana,posted,2026-08-07T05:32:18.975058,1657.0
f4a774729a269763,https://jobsbotswana.info/jobs/seo-geo-specialist-gaborone-explorer/,SEO/GEO SPECIALIST – Gaborone Explorer,Gaborone Explorer,posted,2026-08-07T05:32:35.330543,1802.0
712779b963cbd240,https://jobsbotswana.info/jobs/social-worker-university-of-botswana/,SOCIAL WORKER – University of Botswana,University of Botswana,posted,2026-08-07T05:32:53.938843,1804.0
f7e4eadde793d79b,https://jobsbotswana.info/jobs/study-physician-botswana-harvard-health-partnership/,STUDY PHYSICIAN – Botswana Harvard Health Partnership,Botswana Harvard Health Partnership,posted,2026-08-07T05:33:15.735420,1806.0
24e49933b4679634,https://jobsbotswana.info/jobs/technical-assistant-department-of-meteorological-services/,TECHNICAL ASSISTANT – Department of Meteorological Services,Department of Meteorological Services,posted,2026-08-07T05:33:35.358071,1808.0
90dee8abf52c1e47,https://jobsbotswana.info/jobs/underground-mining-electrical-foreman-redpath-botswana-pty-limited/,UNDERGROUND MINING ELECTRICAL FOREMAN – Redpath Botswana Pty Limited,REDPATH BOTSWANA PTY LIMITED,posted,2026-08-07T05:33:51.096843,1809.0
8c0a4a52cfd2273d,https://jobsbotswana.info/jobs/underground-mining-engineer-mechanical-electrical-redpath-botswana-pty-limited/,UNDERGROUND MINING ENGINEER (MECHANICAL/ELECTRICAL) – Redpath Botswana Pty Limited,REDPATH BOTSWANA PTY LIMITED,posted,2026-08-07T05:34:07.142025,1810.0
1baca2eda410b273,https://jobsbotswana.info/jobs/underground-mining-general-foreman-redpath-botswana-pty-limited/,UNDERGROUND MINING GENERAL FOREMAN – Redpath Botswana Pty Limited,REDPATH BOTSWANA PTY LIMITED,posted,2026-08-07T05:34:23.661520,1811.0
f364456ad116ac34,https://jobsbotswana.info/jobs/underground-mining-safety-officer-redpath-botswana-pty-limited/,UNDERGROUND MINING SAFETY OFFICER – Redpath Botswana Pty Limited,REDPATH BOTSWANA PTY LIMITED,posted,2026-08-07T05:34:40.376256,1812.0
d4dab3cc9485f1f6,https://jobsbotswana.info/jobs/underground-mining-site-manager-redpath-botswana-pty-limited/,UNDERGROUND MINING SITE MANAGER – Redpath Botswana Pty Limited,REDPATH BOTSWANA PTY LIMITED,posted,2026-08-07T05:34:56.098991,1813.0
9967f6ff454bc56c,https://jobsbotswana.info/jobs/visual-content-creator-gaborone-explorer/,VISUAL CONTENT CREATOR – Gaborone Explorer,Gaborone Explorer,posted,2026-08-07T05:35:14.506496,1815.0
d1c173f97ebbc80f,https://jobsbotswana.info/jobs/2026-jce-bgcse-invigilators-botswana-open-university/,2026 JCE & BGCSE INVIGILATORS – Botswana Open University,Botswana Open University,posted,2026-08-09T04:52:09.127423,1817.0
34bfe699e0b03dae,https://jobsbotswana.info/jobs/account-manager-sandvik/,ACCOUNT MANAGER – Sandvik,Sandvik,posted,2026-08-09T04:52:26.626101,1819.0
22640a838b1e5ee0,https://jobsbotswana.info/jobs/accounts-admin-clerk-bush-ways-2/,ACCOUNTS & ADMIN CLERK – Bush Ways,Bush Ways,posted,2026-08-09T04:52:43.615428,1821.0
c684eaaeb98af734,https://jobsbotswana.info/jobs/admin-and-office-support/,ADMIN AND OFFICE SUPPORT,Jobs Botswana,posted,2026-08-09T04:52:59.039954,1822.0
0fb809abfaf35fee,https://jobsbotswana.info/jobs/assistant-accountant/,ASSISTANT ACCOUNTANT,Jobs Botswana,posted,2026-08-09T04:53:12.249284,1823.0
09954194ec9ac854,https://jobsbotswana.info/jobs/blockman-bosa-beef/,BLOCKMAN – Bosa Beef,Bosa Beef,posted,2026-08-09T04:53:26.563840,1825.0
52878c950f8d7d5f,https://jobsbotswana.info/jobs/casual-labourers-x5-ngwato-land-board-rakops-sub-land-board/,CASUAL LABOURERS (X5) – Ngwato Land Board — Rakops Sub Land Board,Ngwato Land Board — Rakops Sub Land Board,posted,2026-08-09T04:53:44.046303,1827.0
27ba71ef05c5ed8d,https://jobsbotswana.info/jobs/chief-education-officer-grade-5-natural-science-mathematics-national-institute-for-educational-development/,CHIEF EDUCATION OFFICER GRADE 5 (NATURAL SCIENCE & MATHEMATICS) – National Institute for Educational Development,National Institute for Educational Development,posted,2026-08-09T04:53:59.620230,1829.0
84e543331b1bc4f1,https://jobsbotswana.info/jobs/claims-officer-ao-k-clinic/,CLAIMS OFFICER – AO-K Clinic,AO-K Clinic,posted,2026-08-09T04:54:14.559048,1830.0
1cc4418c8b615b28,https://jobsbotswana.info/jobs/cleaners-and-supervisor-mofbak-holdings/,CLEANERS AND SUPERVISOR – Mofbak Holdings,Mofbak Holdings,posted,2026-08-09T04:54:29.120768,1832.0
0a7d57ecadf93d2c,https://jobsbotswana.info/jobs/concession-head-chef-kwando-safaris/,CONCESSION HEAD CHEF – Kwando Safaris,Kwando Safaris,posted,2026-08-09T04:54:42.662320,1833.0
345cdb140c5d8363,https://jobsbotswana.info/jobs/dean-manager-finance-botho-university/,DEAN/MANAGER – FINANCE – Botho University,Botho University,posted,2026-08-09T04:55:00.470045,1835.0
ba1341b156ed7d42,https://jobsbotswana.info/jobs/drivers-gaborone-gas-cylinder-delivery-tswanagas/,DRIVERS GABORONE (GAS CYLINDER DELIVERY) – TswanaGas,TswanaGas,posted,2026-08-09T04:55:15.859342,1837.0
f2b136f8db855fc3,https://jobsbotswana.info/jobs/executive-assistant-graduate-intern-venture-partners-botswana/,EXECUTIVE ASSISTANT (GRADUATE/INTERN) – Venture Partners Botswana,Venture Partners Botswana,posted,2026-08-09T04:55:33.244692,1839.0
647fdbc378bb210e,https://jobsbotswana.info/jobs/fintech-youth-programme/,FINTECH YOUTH PROGRAMME,Jobs Botswana,posted,2026-08-09T04:55:46.591571,1840.0
acf085718fb60397,https://jobsbotswana.info/jobs/fleet-and-office-support-officer-aqualogic/,FLEET AND OFFICE SUPPORT OFFICER – Aqualogic,Aqualogic,posted,2026-08-09T04:56:01.160980,1842.0
99475ee57cf530ce,https://jobsbotswana.info/jobs/general-manager-butchery-meat-processing/,GENERAL MANAGER – BUTCHERY & MEAT PROCESSING,Jobs Botswana,posted,2026-08-09T04:56:14.354369,1843.0
f740249729b760c6,https://jobsbotswana.info/jobs/graphic-designer-boitekanelo-college/,GRAPHIC DESIGNER – Boitekanelo College,Boitekanelo College,posted,2026-08-09T04:56:48.992759,1845.0
ecf2ee5d257acf3e,https://jobsbotswana.info/jobs/head-strategy-botswana-development-corporation/,HEAD STRATEGY – Botswana Development Corporation,Botswana Development Corporation,posted,2026-08-09T04:57:06.431389,1846.0
b521d9a77360782e,https://jobsbotswana.info/jobs/housekeeper-bookings-assistant-aj-resorts/,HOUSEKEEPER & BOOKINGS ASSISTANT – AJ Resorts,AJ Resorts,posted,2026-08-09T04:57:20.513119,1847.0
97cd06909a2f169e,https://jobsbotswana.info/jobs/independent-trustee-vivo-energy-botswana-staff-pension-fund-2/,INDEPENDENT TRUSTEE – Vivo Energy Botswana Staff Pension Fund,Vivo Energy Botswana Staff Pension Fund,posted,2026-08-09T04:57:37.650872,1849.0
7a917c360ef288d7,https://jobsbotswana.info/jobs/leasing-and-operating-of-public-toilets-jwaneng-town-council/,LEASING AND OPERATING OF PUBLIC TOILETS – Jwaneng Town Council,Jwaneng Town Council,posted,2026-08-09T04:57:52.120148,1850.0
27f64186627500fc,https://jobsbotswana.info/jobs/maintenance-supervisor-irvines/,MAINTENANCE SUPERVISOR – Irvine’s,Irvine's,posted,2026-08-09T04:58:07.787722,1852.0
6d4631e33402e00c,https://jobsbotswana.info/jobs/markert-conduct-specialist-fnb-first-national-bank/,MARKERT CONDUCT SPECIALIST – FNB (First National Bank),FNB (First National Bank),posted,2026-08-09T04:58:23.414667,1854.0
da0f14ef1569e9f1,https://jobsbotswana.info/jobs/operations-manager-ta-shebube-2/,OPERATIONS MANAGER – Ta Shebube,TA SHEBUBE,posted,2026-08-09T04:58:40.963187,1856.0
c28bb89393a2df4c,https://jobsbotswana.info/jobs/property-manager-shopping-center-manager-ric-development-botswana-pty-ltd/,PROPERTY MANAGER / SHOPPING CENTER MANAGER – RIC Development Botswana (Pty) Ltd,RIC Development Botswana (Pty) Ltd,posted,2026-08-09T04:58:56.324699,1858.0
de7d2a4d83e409cb,https://jobsbotswana.info/jobs/receptionist-ao-k-clinic-2/,RECEPTIONIST – AO-K Clinic,AO-K Clinic,posted,2026-08-09T04:59:10.064283,1859.0
f1e2858f097318ff,https://jobsbotswana.info/jobs/receptionist-beauty-matrix-wellness-clinic-spa/,RECEPTIONIST – Beauty Matrix Wellness Clinic & Spa,Beauty Matrix Wellness Clinic & Spa,posted,2026-08-09T04:59:23.021318,1860.0
5c9c35498720ecd7,https://jobsbotswana.info/jobs/sales-admin-viobat/,SALES & ADMIN – Viobat,Viobat,posted,2026-08-09T04:59:38.815849,1862.0
13d4c6a8247dcda0,https://jobsbotswana.info/jobs/sales-and-marketing-manager-seriteq-business-solutions/,SALES AND MARKETING MANAGER – Seriteq Business Solutions,Seriteq Business Solutions,posted,2026-08-09T04:59:55.651366,1864.0
19c79d902ede3b3c,https://jobsbotswana.info/jobs/security-guard-general-attendant-e-and-e-world-of-interiors/,SECURITY GUARD/GENERAL ATTENDANT – E and E World of Interiors,E and E World of Interiors,posted,2026-08-09T05:00:11.008925,1865.0
594a84b1124cc126,https://jobsbotswana.info/jobs/senior-account-director-native-events/,SENIOR ACCOUNT DIRECTOR – Native Events,Native Events,posted,2026-08-09T05:00:27.837687,1867.0
63eba3d6dda849e9,https://jobsbotswana.info/jobs/senior-leadership-positions-chief-transformation-officer-chief-information-officer-general-manager-digital-delta-data-centre-chief-internal-audit-risk-bofinet/,SENIOR LEADERSHIP POSITIONS (CHIEF TRANSFORMATION OFFICER / CHIEF INFORMATION OFFICER / GENERAL MANAGER – DIGITAL DELTA DATA CENTRE / CHIEF INTERNAL AUDIT & RISK) – BoFiNet,BoFiNet,posted,2026-08-09T05:00:42.884606,1869.0
377cfeac3ed0f264,https://jobsbotswana.info/jobs/technical-manager-selebi-phikwe-citrus/,TECHNICAL MANAGER – Selebi Phikwe Citrus,Selebi Phikwe Citrus,posted,2026-08-09T05:00:59.292776,1871.0
29a99d93c910c324,https://jobsbotswana.info/jobs/temporary-assistant-scientific-technical-officers-department-of-veterinary-services/,TEMPORARY ASSISTANT SCIENTIFIC/TECHNICAL OFFICERS – Department of Veterinary Services,Department of Veterinary Services,posted,2026-08-09T05:01:16.691802,1872.0
ee82154cab0396da,https://jobsbotswana.info/jobs/toilet-paper-manufacturing-technician-pro-ply/,TOILET PAPER MANUFACTURING TECHNICIAN – Pro Ply,Pro Ply,posted,2026-08-09T05:01:35.407123,1874.0
b726b111fecc2a35,https://jobsbotswana.info/jobs/travel-consultant-solo-travels/,TRAVEL CONSULTANT – Solo Travels,Solo Travels,posted,2026-08-09T05:01:51.363775,1876.0
1856d96b84286fee,https://jobsbotswana.info/jobs/vp-quality-assurance-de-beers-group/,VP QUALITY ASSURANCE – De Beers Group,De Beers Group,posted,2026-08-09T05:02:09.241082,1877.0
2fe41f7d0b85eada,https://jobsbotswana.info/jobs/accountant-apex-fuels-one/,ACCOUNTANT – Apex Fuels One,APEX FUELS ONE,posted,2026-08-11T04:56:16.600782,1879.0
24638d2e262249a0,https://jobsbotswana.info/jobs/accounts-clerk-dynamic-road-services/,ACCOUNTS CLERK – Dynamic Road Services,Dynamic Road Services,posted,2026-08-11T04:56:30.789006,1881.0
61e4f75e34a8de5a,https://jobsbotswana.info/jobs/aircon-technician-mindea-exploration-and-drilling-services-2/,AIRCON-TECHNICIAN – Mindea Exploration and Drilling Services,Mindea Exploration and Drilling Services,posted,2026-08-11T04:56:48.455539,1883.0
cdb0478043e8d98c,https://jobsbotswana.info/jobs/artisan-auto-mechanic-mindea-exploration-and-drilling-services-2/,ARTISAN AUTO-MECHANIC – Mindea Exploration and Drilling Services,Mindea Exploration and Drilling Services,posted,2026-08-11T04:57:05.337674,1885.0
fea448f9d59b9a9e,https://jobsbotswana.info/jobs/artisan-boilermaker-mindea-exploration-and-drilling-services-2/,ARTISAN BOILERMAKER – Mindea Exploration and Drilling Services,Mindea Exploration and Drilling Services,posted,2026-08-11T04:57:24.967826,1887.0
c4c1f1bc113decd5,https://jobsbotswana.info/jobs/artisan-mechanic-mindea-exploration-and-drilling-services-2/,ARTISAN MECHANIC – Mindea Exploration and Drilling Services,Mindea Exploration and Drilling Services,posted,2026-08-11T04:57:44.049656,1889.0
8b857db3ff085d25,https://jobsbotswana.info/jobs/auto-electrician-mindea-exploration-and-drilling-services-2/,AUTO-ELECTRICIAN – Mindea Exploration and Drilling Services,Mindea Exploration and Drilling Services,posted,2026-08-11T04:58:01.663807,1891.0
ace4a0ef129fd492,https://jobsbotswana.info/jobs/biomedical-engineer-pelong-ya-botshelo/,BIOMEDICAL ENGINEER – Pelong ya Botshelo,Pelong ya Botshelo,posted,2026-08-11T04:58:20.008042,1893.0
63dc97207d8c9528,https://jobsbotswana.info/jobs/bowser-operator-mindea-exploration-and-drilling-services-2/,BOWSER OPERATOR – Mindea Exploration and Drilling Services,Mindea Exploration and Drilling Services,posted,2026-08-11T04:58:35.260136,1895.0
953c7bf7dd33797b,https://jobsbotswana.info/jobs/bus-driver-bamangwato-coach-tours/,BUS DRIVER – Bamangwato Coach Tours,Bamangwato Coach Tours,posted,2026-08-11T04:58:52.381783,1897.0
e97ed26c122c8cc6,https://jobsbotswana.info/jobs/campus-manager-northside-primary-school/,CAMPUS MANAGER – Northside Primary School,Northside Primary School,posted,2026-08-11T04:59:06.861505,1899.0
77b87eab48128c86,https://jobsbotswana.info/jobs/class-teachers-lower-and-upper-primary-northside-primary-school/,CLASS TEACHERS (LOWER AND UPPER PRIMARY) – Northside Primary School,Northside Primary School,posted,2026-08-11T04:59:23.365760,1901.0
eb04f7f97d149252,https://jobsbotswana.info/jobs/company-secretarial-team-leader-fairpoint-2/,COMPANY SECRETARIAL TEAM LEADER – Fairpoint,Fairpoint,posted,2026-08-11T04:59:38.052085,1903.0
60d37aa759ed257e,https://jobsbotswana.info/jobs/contractors-representative-chec-sharps-joint-venture/,CONTRACTOR’S REPRESENTATIVE – Chec/sharps Joint Venture,CHEC/SHARPS JOINT VENTURE,posted,2026-08-11T04:59:52.212663,1904.0
a8119f3f8c36e8a4,https://jobsbotswana.info/jobs/customer-experience-insights-quality-assurance-officer-bayport-financial-services-botswana/,CUSTOMER EXPERIENCE & INSIGHTS QUALITY ASSURANCE OFFICER – Bayport Financial Services Botswana,Bayport Financial Services Botswana,posted,2026-08-11T05:00:09.336979,1905.0
b47ea3af6de9b27c,https://jobsbotswana.info/jobs/customer-relationship-business-development-manager-dynamic-road-services/,CUSTOMER RELATIONSHIP & BUSINESS DEVELOPMENT MANAGER – Dynamic Road Services,Dynamic Road Services,posted,2026-08-11T05:00:27.312008,1907.0
cb1e1df784a03c18,https://jobsbotswana.info/jobs/depot-operations-manager-dynamic-road-services/,DEPOT OPERATIONS MANAGER – Dynamic Road Services,Dynamic Road Services,posted,2026-08-11T05:00:44.644893,1909.0
1aebaae869966983,https://jobsbotswana.info/jobs/direct-sales-agents-liberty-2/,DIRECT SALES AGENTS – Liberty,Liberty,posted,2026-08-11T05:00:59.651977,1910.0
11942261103bbff5,https://jobsbotswana.info/jobs/director-centre-for-technology-enhanced-learing-and-teaching-ctelt-botswana-open-university/,"DIRECTOR, CENTRE FOR TECHNOLOGY-ENHANCED LEARING AND TEACHING (CTELT) – Botswana Open University",Botswana Open University,posted,2026-08-11T05:01:17.196779,1912.0
cd74956135ea8304,https://jobsbotswana.info/jobs/drill-rig-assistants-mindea-exploration-and-drilling-services-2/,DRILL RIG ASSISTANTS – Mindea Exploration and Drilling Services,Mindea Exploration and Drilling Services,posted,2026-08-11T05:01:35.420174,1914.0
2e5709dd5056e134,https://jobsbotswana.info/jobs/drill-rig-operator-md16-mindea-exploration-and-drilling-services/,DRILL RIG OPERATOR (MD16) – Mindea Exploration and Drilling Services,Mindea Exploration and Drilling Services,posted,2026-08-11T05:01:53.952344,1916.0
ad794eb06bb48c21,https://jobsbotswana.info/jobs/drill-rig-operator-mindea-exploration-and-drilling-services/,DRILL RIG OPERATOR – Mindea Exploration and Drilling Services,Mindea Exploration and Drilling Services,posted,2026-08-11T05:02:11.335914,1918.0
097c9988e5f84aea,https://jobsbotswana.info/jobs/expression-of-interest-shortlisting-of-general-dealers-and-tuckshops-in-palapye-district-palapye-district-council/,EXPRESSION OF INTEREST: SHORTLISTING OF GENERAL DEALERS AND TUCKSHOPS IN PALAPYE DISTRICT – Palapye District Council,Palapye District Council,posted,2026-08-11T05:02:28.470872,1920.0
065c4d87280a24c9,https://jobsbotswana.info/jobs/get-coordinator-mindea-exploration-and-drilling-services-2/,GET COORDINATOR – Mindea Exploration and Drilling Services,Mindea Exploration and Drilling Services,posted,2026-08-11T05:02:46.580330,1922.0
2b9e8d4c956b12c7,https://jobsbotswana.info/jobs/graphic-designer-aspire-athleisure/,GRAPHIC DESIGNER – Aspire Athleisure,Aspire Athleisure,posted,2026-08-11T05:03:03.816406,1924.0
645a4b8c4c4324ec,https://jobsbotswana.info/jobs/graphic-designer-boitekanelo-college-2/,GRAPHIC DESIGNER – Boitekanelo College,Boitekanelo College,posted,2026-08-11T05:03:20.207468,1926.0
22f9048efe4ea141,https://jobsbotswana.info/jobs/grease-technician-md09-mindea-exploration-and-drilling-services/,GREASE TECHNICIAN (MD09) – Mindea Exploration and Drilling Services,Mindea Exploration and Drilling Services,posted,2026-08-11T05:03:37.113534,1928.0
904c32c51bcce3dd,https://jobsbotswana.info/jobs/grease-technician-mindea-exploration-and-drilling-services/,GREASE TECHNICIAN – Mindea Exploration and Drilling Services,Mindea Exploration and Drilling Services,posted,2026-08-11T05:03:52.594185,1930.0
e50dc845dfe12575,https://jobsbotswana.info/jobs/head-of-accounting-consultant-fairpoint-corporate-services-2/,HEAD OF ACCOUNTING (CONSULTANT) – Fairpoint Corporate Services,Fairpoint Corporate Services,posted,2026-08-11T05:04:08.399845,1932.0
12da3db84a339ffa,https://jobsbotswana.info/jobs/head-of-department-ict-the-learning-centre-school/,HEAD OF DEPARTMENT ICT – The Learning Centre School,The Learning Centre School,posted,2026-08-11T05:04:25.287536,1934.0
187ad0f2f50d0ed8,https://jobsbotswana.info/jobs/headmaster-kopano-school/,HEADMASTER – Kopano School,KOPANO SCHOOL,posted,2026-08-11T05:04:42.085501,1936.0
187b2f142f8d11b7,https://jobsbotswana.info/jobs/headteacher-deputy-headteacher-teacher-thornhill-primary-school/,"HEADTEACHER, DEPUTY HEADTEACHER & TEACHER – Thornhill Primary School",Thornhill Primary School,posted,2026-08-11T05:04:59.786612,1938.0
151d1198cc8358fd,https://jobsbotswana.info/jobs/health-care-auxiliary-phlebotomy-invitro-diagnostics/,HEALTH CARE AUXILIARY (PHLEBOTOMY) – InVitro Diagnostics,InVitro Diagnostics,posted,2026-08-11T05:05:15.171430,1940.0
77daf0e95cdd231f,https://jobsbotswana.info/jobs/heavy-duty-driver-lidoma-hr-consultancy-2/,HEAVY DUTY DRIVER – Lidoma HR Consultancy,Lidoma HR Consultancy,posted,2026-08-11T05:05:29.712661,1942.0
8df0cb989b894027,https://jobsbotswana.info/jobs/human-capital-administrator-mindea-exploration-and-drilling-services-2/,HUMAN CAPITAL ADMINISTRATOR – Mindea Exploration and Drilling Services,Mindea Exploration and Drilling Services,posted,2026-08-11T05:05:47.412894,1944.0
23633060a408bad4,https://jobsbotswana.info/jobs/internal-audit-services-and-technical-functions-mcm/,INTERNAL AUDIT SERVICES AND TECHNICAL FUNCTIONS – Mcm,MCM,posted,2026-08-11T05:06:01.141678,1946.0
7fa5df82d99dc07a,https://jobsbotswana.info/jobs/maintenance-head-of-department-mindea-exploration-and-drilling-services/,MAINTENANCE HEAD OF DEPARTMENT – Mindea Exploration and Drilling Services,Mindea Exploration and Drilling Services,posted,2026-08-11T05:06:19.902092,1948.0
0204381e123f05ec,https://jobsbotswana.info/jobs/mine-shift-supervisor/,Mine Shift Supervisor,Jobs Botswana,posted,2026-08-11T05:06:33.530272,1949.0
42333c38a896df54,https://jobsbotswana.info/jobs/mining-engineer-mindea-exploration-and-drilling-services-2/,MINING ENGINEER – Mindea Exploration and Drilling Services,Mindea Exploration and Drilling Services,posted,2026-08-11T05:06:51.867558,1951.0
82c28fe6d376b52f,https://jobsbotswana.info/jobs/multiple-vacancies-project-manager-production-manager-supervisors-engineers-artisans-administrators-officers-assistants-mindea-exploration-and-drilling-services/,"MULTIPLE VACANCIES (PROJECT MANAGER, PRODUCTION MANAGER, SUPERVISORS, ENGINEERS, ARTISANS, ADMINISTRATORS, OFFICERS & ASSISTANTS) – Mindea Exploration and Drilling Services",Mindea Exploration and Drilling Services,posted,2026-08-11T05:07:08.108566,1953.0
ac336eb7d0ac8505,https://jobsbotswana.info/jobs/national-parts-department-manager-bh-botswana-pty-ltd/,NATIONAL PARTS DEPARTMENT MANAGER – BH Botswana (Pty) Ltd,BH Botswana (Pty) Ltd,posted,2026-08-11T05:07:26.712678,1955.0
9b01b440cf08320d,https://jobsbotswana.info/jobs/operations-manager-ta-shebube/,OPERATIONS MANAGER – Ta Shebube,Ta Shebube,posted,2026-08-11T05:07:44.586342,1957.0
469977974d01831b,https://jobsbotswana.info/jobs/ophthalmology-program-coordinator-day-hospital-botswana-pty-ltd-t-a-medlane-day-hospital/,OPHTHALMOLOGY PROGRAM COORDINATOR – Day Hospital Botswana (Pty) Ltd t/a Medlane Day Hospital,Day Hospital Botswana (Pty) Ltd t/a Medlane Day Hospital,posted,2026-08-11T05:08:00.066276,1959.0
d85572e82598d7b3,https://jobsbotswana.info/jobs/pharmaceutical-technology-transfer-and-industrialisation-specialist-portfolio-pharmaceuticals-botswana-pty-ltd/,PHARMACEUTICAL TECHNOLOGY TRANSFER AND INDUSTRIALISATION – SPECIALIST – Portfolio Pharmaceuticals Botswana (Pty) Ltd,PORTFOLIO PHARMACEUTICALS BOTSWANA (PTY) LTD,posted,2026-08-11T05:08:18.933930,1961.0
38406bdabece57b3,https://jobsbotswana.info/jobs/plant-administration-officer-mindea-exploration-and-drilling-services-2/,PLANT ADMINISTRATION OFFICER – Mindea Exploration and Drilling Services,Mindea Exploration and Drilling Services,posted,2026-08-11T05:08:36.177920,1963.0
e70bcb360fb6378a,https://jobsbotswana.info/jobs/production-manager-mindea-exploration-and-drilling-services/,PRODUCTION MANAGER – Mindea Exploration and Drilling Services,Mindea Exploration and Drilling Services,posted,2026-08-11T05:08:53.049081,1965.0
fd678de42384538f,https://jobsbotswana.info/jobs/production-supervisor-mindea-exploration-and-drilling-services/,PRODUCTION SUPERVISOR – Mindea Exploration and Drilling Services,Mindea Exploration and Drilling Services,posted,2026-08-11T05:09:09.850074,1967.0
08e3d129e97d848a,https://jobsbotswana.info/jobs/professional-guide-lecturer/,PROFESSIONAL GUIDE LECTURER,Jobs Botswana,posted,2026-08-11T05:09:33.326410,1968.0
437588794deae261,https://jobsbotswana.info/jobs/project-accountant-mindea-exploration-and-drilling-services-2/,PROJECT ACCOUNTANT – Mindea Exploration and Drilling Services,Mindea Exploration and Drilling Services,posted,2026-08-11T05:09:50.153474,1970.0
97960778d1325789,https://jobsbotswana.info/jobs/project-manager-mindea-exploration-and-drilling-services/,PROJECT MANAGER – Mindea Exploration and Drilling Services,Mindea Exploration and Drilling Services,posted,2026-08-11T05:10:07.858314,1972.0
e5643fd3953f3562,https://jobsbotswana.info/jobs/pvt-recruit-botswana-defence-force-2/,PVT-RECRUIT – Botswana Defence Force,Botswana Defence Force,posted,2026-08-11T05:10:24.039790,1974.0
db6a0f3fab1707fc,https://jobsbotswana.info/jobs/quality-control-assistants-mindea-exploration-and-drilling-services-2/,QUALITY CONTROL ASSISTANTS – Mindea Exploration and Drilling Services,Mindea Exploration and Drilling Services,posted,2026-08-11T05:10:39.389328,1976.0
2abd81b8b36040bc,https://jobsbotswana.info/jobs/quality-controller-mindea-exploration-and-drilling-services-2/,QUALITY CONTROLLER – Mindea Exploration and Drilling Services,Mindea Exploration and Drilling Services,posted,2026-08-11T05:10:54.094281,1978.0
41d2687aada0d60b,https://jobsbotswana.info/jobs/receptionist-ao-k-clinic/,RECEPTIONIST – Ao-k Clinic,AO-K CLINIC,posted,2026-08-11T05:11:06.926937,1979.0
f7d632abb217d80d,https://jobsbotswana.info/jobs/regional-field-technician-store-shop-display-technician-coconut-lounge/,REGIONAL FIELD TECHNICIAN & STORE/SHOP DISPLAY TECHNICIAN – Coconut Lounge,Coconut Lounge,posted,2026-08-11T05:11:21.108019,1981.0
ac5dfadfbb771586,https://jobsbotswana.info/jobs/regional-operations-manager-technical-services-north-motovac-2/,REGIONAL OPERATIONS MANAGER – TECHNICAL SERVICES – NORTH – Motovac,Motovac,posted,2026-08-11T05:11:36.383069,1983.0
7a8366b703788dbe,https://jobsbotswana.info/jobs/reliability-maintenance-engineer-botswana-ash-pty-ltd/,RELIABILITY & MAINTENANCE ENGINEER – Botswana Ash (PTY) LTD.,Botswana Ash (PTY) LTD.,posted,2026-08-11T05:11:51.234574,1985.0
abcfe69aab9ad707,https://jobsbotswana.info/jobs/rolling-mill-foreman-rolling-mill-fitter-mill-roll-pass-turner-rhino-steel-rolling-mills-pty-ltd/,ROLLING MILL FOREMAN / ROLLING MILL FITTER / MILL ROLL PASS TURNER – Rhino Steel Rolling Mills (Pty) Ltd,RHINO STEEL ROLLING MILLS (Pty) Ltd,posted,2026-08-11T05:12:06.252427,1986.0
889e7e8cdf2f63a4,https://jobsbotswana.info/jobs/sales-consultant-falcon-car-rental-2/,SALES CONSULTANT – Falcon Car Rental,FALCON CAR RENTAL,posted,2026-08-11T05:12:20.840662,1988.0
435a3076b0b88b72,https://jobsbotswana.info/jobs/school-nurse-northside-primary-school/,SCHOOL NURSE – Northside Primary School,Northside Primary School,posted,2026-08-11T05:12:35.694298,1990.0
9b5b31c39740215b,https://jobsbotswana.info/jobs/secondary-teachers-igcse-nascent-international-school/,SECONDARY TEACHERS – IGCSE – Nascent International School,Nascent International School,posted,2026-08-11T05:12:49.131847,1991.0
aa14bdb4310a86a1,https://jobsbotswana.info/jobs/semi-skilled-mechanics-mindea-exploration-and-drilling-services-2/,SEMI-SKILLED MECHANICS – Mindea Exploration and Drilling Services,Mindea Exploration and Drilling Services,posted,2026-08-11T05:13:06.716975,1993.0
f56dbb699a55010c,https://jobsbotswana.info/jobs/senior-human-capital-officer-mindea-exploration-and-drilling-services-2/,SENIOR HUMAN CAPITAL OFFICER – Mindea Exploration and Drilling Services,Mindea Exploration and Drilling Services,posted,2026-08-11T05:13:23.161608,1995.0
e5806e3d6f36f5a7,https://jobsbotswana.info/jobs/service-personnel-mindea-exploration-and-drilling-services-2/,SERVICE PERSONNEL – Mindea Exploration and Drilling Services,Mindea Exploration and Drilling Services,posted,2026-08-11T05:13:39.333877,1997.0
78db262f0db3f7d5,https://jobsbotswana.info/jobs/specialist-teachers-student-support-music-library-and-setswana-northside-primary-school/,"SPECIALIST TEACHERS (STUDENT SUPPORT, MUSIC, LIBRARY AND SETSWANA) – Northside Primary School",Northside Primary School,posted,2026-08-11T05:13:55.029980,1999.0
59b2e8a621442232,https://jobsbotswana.info/jobs/stores-personnel-mindea-exploration-and-drilling-services-2/,STORES PERSONNEL – Mindea Exploration and Drilling Services,Mindea Exploration and Drilling Services,posted,2026-08-11T05:14:11.613982,2001.0
2c334a7fed619f95,https://jobsbotswana.info/jobs/supply-and-delivery-of-stationery-and-equipment-to-kgatleng-district-council-and-thirty-eight-38-primary-schools-for-a-period-of-twenty-four-24-months-only-kgatleng-district-council/,SUPPLY AND DELIVERY OF STATIONERY AND EQUIPMENT TO KGATLENG DISTRICT COUNCIL AND THIRTY-EIGHT (38) PRIMARY SCHOOLS FOR A PERIOD OF TWENTY-FOUR (24) MONTHS ONLY – Kgatleng District Council,Kgatleng District Council,posted,2026-08-11T05:14:27.629791,2003.0
e4dca0c960660b2e,https://jobsbotswana.info/jobs/swift-officer-botswana-building-society-limited/,SWIFT OFFICER – Botswana Building Society Limited,Botswana Building Society Limited,posted,2026-08-11T05:14:41.928461,2005.0
dc450cef43e9a7db,https://jobsbotswana.info/jobs/swift-team-leader-botswana-building-society-limited/,SWIFT TEAM LEADER – Botswana Building Society Limited,Botswana Building Society Limited,posted,2026-08-11T05:14:55.365273,2007.0
6e37d2ec689d2fac,https://jobsbotswana.info/jobs/tax-advisory-team-leader-fairpoint-2/,TAX ADVISORY TEAM LEADER – Fairpoint,Fairpoint,posted,2026-08-11T05:15:10.831280,2009.0
c2742153564b77f7,https://jobsbotswana.info/jobs/tax-compliance-team-leader-fairpoint/,TAX COMPLIANCE TEAM LEADER – Fairpoint,FAIRPOINT,posted,2026-08-11T05:15:26.816395,2011.0
1eeb67f9bae9f79c,https://jobsbotswana.info/jobs/teaching-professionals/,TEACHING PROFESSIONALS,Jobs Botswana,posted,2026-08-11T05:15:40.990512,2012.0
b4f04dda72da1dff,https://jobsbotswana.info/jobs/technical-manager-portfolio-pharmaceuticals-botswana-pty-ltd/,TECHNICAL MANAGER – Portfolio Pharmaceuticals Botswana (PTY) LTD,Portfolio Pharmaceuticals Botswana (PTY) LTD,posted,2026-08-11T05:15:57.286006,2014.0
ad5d1d75e99d4555,https://jobsbotswana.info/jobs/technician-engineer-f-b-brothers-pty-ltd/,TECHNICIAN ENGINEER – F B Brothers (Pty) Ltd,F B Brothers (Pty) Ltd,posted,2026-08-11T05:16:12.004914,2015.0
af488790430a92e8,https://jobsbotswana.info/jobs/temporary-worker-goodhope-rac/,TEMPORARY WORKER – Goodhope RAC,Goodhope RAC,posted,2026-08-11T05:16:27.104302,2017.0
0ad14ce8c5bfa0a6,https://jobsbotswana.info/jobs/training-officer-mindea-exploration-and-drilling-services-2/,TRAINING OFFICER – Mindea Exploration and Drilling Services,Mindea Exploration and Drilling Services,posted,2026-08-11T05:16:44.332866,2019.0
c2cff412029e0a91,https://jobsbotswana.info/jobs/various-job-vacancies-mindea-exploration-and-drilling-services/,VARIOUS JOB VACANCIES – Mindea Exploration and Drilling Services,Mindea Exploration and Drilling Services,posted,2026-08-11T05:16:58.619445,2021.0
06f16f96ae4873c7,https://jobsbotswana.info/jobs/various-positions-fairpoint-corporate-services/,VARIOUS POSITIONS – Fairpoint Corporate Services,Fairpoint Corporate Services,posted,2026-08-11T05:17:21.071497,2023.0
68789a55ed27fa0f,https://jobsbotswana.info/jobs/various-positions-mindea-exploration-and-drilling-services/,VARIOUS POSITIONS – Mindea Exploration and Drilling Services,Mindea Exploration and Drilling Services,posted,2026-08-11T05:17:36.343974,2025.0
62be81fdb02db2cc,https://jobsbotswana.info/jobs/academic-administrative-support-positions-kitso-international-college-kic/,"ACADEMIC, ADMINISTRATIVE & SUPPORT POSITIONS – Kitso International College (KIC)",Kitso International College (KIC),posted,2026-08-13T05:25:33.409229,2027.0
78b9aec8907f566e,https://jobsbotswana.info/jobs/academic-administrative-support-positions-kitso-international-college/,"ACADEMIC, ADMINISTRATIVE & SUPPORT POSITIONS – Kitso International College",Kitso International College,posted,2026-08-13T05:25:50.971256,2029.0
328f7ca371e8b48c,https://jobsbotswana.info/jobs/academic-and-administrative-support-positions-kitso-international-college-kic/,ACADEMIC AND ADMINISTRATIVE & SUPPORT POSITIONS – Kitso International College (KIC),Kitso International College (KIC),posted,2026-08-13T05:26:18.502901,2031.0
edbfb22d79413c5c,https://jobsbotswana.info/jobs/accountant-23rd-metallurgical-construction-group-co-ltd-of-minmetals/,ACCOUNTANT – 23rd Metallurgical Construction Group Co. Ltd. of MINMETALS,23rd Metallurgical Construction Group Co. Ltd. of MINMETALS,posted,2026-08-13T05:26:33.933078,2032.0
4011b05de5b1857e,https://jobsbotswana.info/jobs/accounts-officer-airline-revenue-ticketing-air-botswana/,ACCOUNTS OFFICER (AIRLINE / REVENUE & TICKETING) – Air Botswana,Air Botswana,posted,2026-08-13T05:26:50.749117,2034.0
3c69036d9107734a,https://jobsbotswana.info/jobs/acting-principal-primary-school-john-mackenzie-school-2/,ACTING PRINCIPAL – PRIMARY SCHOOL – John Mackenzie School,John Mackenzie School,posted,2026-08-13T05:27:08.669517,2036.0
99ed78ac104394d5,https://jobsbotswana.info/jobs/advanced-life-support-paramedic-ems-supervisor-mri-botswana-limited/,ADVANCED LIFE SUPPORT PARAMEDIC & EMS SUPERVISOR – MRI Botswana Limited,MRI Botswana Limited,posted,2026-08-13T05:27:24.977002,2037.0
788ec9f53e3f87e3,https://jobsbotswana.info/jobs/advertisement-of-unserviced-business-plots-kweneng-land-board/,ADVERTISEMENT OF UNSERVICED BUSINESS PLOTS – Kweneng Land Board,Kweneng Land Board,posted,2026-08-13T05:27:43.947206,2038.0
e5a4c9fa844e2e41,https://jobsbotswana.info/jobs/aircon-technician-mindea-exploration-and-drilling-services/,AIRCON-TECHNICIAN – Mindea Exploration and Drilling Services,Mindea Exploration and Drilling Services,posted,2026-08-13T05:28:01.115397,2040.0
25d1a4aedc7fcf3f,https://jobsbotswana.info/jobs/artisan-auto-mechanic-mindea-exploration-and-drilling-services/,ARTISAN AUTO-MECHANIC – Mindea Exploration and Drilling Services,Mindea Exploration and Drilling Services,posted,2026-08-13T05:28:18.087174,2042.0
74b7a9a5fd7b7e3e,https://jobsbotswana.info/jobs/artisan-boilermaker-mindea-exploration-and-drilling-services/,ARTISAN BOILERMAKER – Mindea Exploration and Drilling Services,Mindea Exploration and Drilling Services,posted,2026-08-13T05:28:36.374465,2044.0
8d09aa866e399135,https://jobsbotswana.info/jobs/artisan-mechanic-mindea-exploration-and-drilling-services/,ARTISAN MECHANIC – Mindea Exploration and Drilling Services,Mindea Exploration and Drilling Services,posted,2026-08-13T05:28:53.683613,2046.0
5c704676cd3412bb,https://jobsbotswana.info/jobs/auto-electrician-mindea-exploration-and-drilling-services/,AUTO-ELECTRICIAN – Mindea Exploration and Drilling Services,Mindea Exploration and Drilling Services,posted,2026-08-13T05:29:10.369930,2048.0
ab9f96e476f07871,https://jobsbotswana.info/jobs/bowser-operator-mindea-exploration-and-drilling-services/,BOWSER OPERATOR – Mindea Exploration and Drilling Services,Mindea Exploration and Drilling Services,posted,2026-08-13T05:29:26.228399,2050.0
2a465de3143f3522,https://jobsbotswana.info/jobs/business-resilience-information-risk-manager-standard-bank/,BUSINESS RESILIENCE & INFORMATION RISK MANAGER – Standard Bank,Standard Bank,posted,2026-08-13T05:29:43.592361,2051.0
a3cebb05196116be,https://jobsbotswana.info/jobs/call-for-expression-of-interest-registration-on-the-botswana-examinations-council-bec-supplier-database-botswana-examinations-council/,CALL FOR EXPRESSION OF INTEREST: REGISTRATION ON THE BOTSWANA EXAMINATIONS COUNCIL (BEC) SUPPLIER DATABASE – Botswana Examinations Council,Botswana Examinations Council,posted,2026-08-13T05:30:03.256706,2053.0
8d9035035038dfc4,https://jobsbotswana.info/jobs/camp-hand-groundsman-palm-afrique-lodge/,CAMP HAND/GROUNDSMAN – Palm Afrique lodge,Palm Afrique lodge,posted,2026-08-13T05:30:20.728387,2055.0
d97c7d742927a793,https://jobsbotswana.info/jobs/camp-hand-groundsman-x-2-palm-afrique-lodge/,CAMP HAND/GROUNDSMAN X 2 – Palm Afrique lodge,Palm Afrique lodge,posted,2026-08-13T05:30:36.926195,2057.0
3847a42c0ea0ef2d,https://jobsbotswana.info/jobs/camp-management-officer-mmg/,CAMP MANAGEMENT OFFICER – Mmg,MMG,posted,2026-08-13T05:30:50.939793,2058.0
82d4ca9cbe7fee1f,https://jobsbotswana.info/jobs/chef-23rd-metallurgical-construction-group-co-ltd-of-minmetals/,CHEF – 23rd Metallurgical Construction Group Co. Ltd. of MINMETALS,23rd Metallurgical Construction Group Co. Ltd. of MINMETALS,posted,2026-08-13T05:31:05.593952,2059.0
c336d901ad7bf39a,https://jobsbotswana.info/jobs/claims-and-underwriting-specialist-liberty-life-botswana/,CLAIMS AND UNDERWRITING SPECIALIST – Liberty Life Botswana,Liberty Life Botswana,posted,2026-08-13T05:31:21.743073,2060.0
ea37e335bc2a3bb3,https://jobsbotswana.info/jobs/company-secretarial-team-leader-fairpoint/,COMPANY SECRETARIAL TEAM LEADER – Fairpoint,FAIRPOINT,posted,2026-08-13T05:31:37.501857,2062.0
34c3a6509cc6c993,https://jobsbotswana.info/jobs/construction-supervisor-23rd-metallurgical-construction-group-co-ltd-of-minmetals/,CONSTRUCTION SUPERVISOR – 23rd Metallurgical Construction Group Co. Ltd. of MINMETALS,23rd Metallurgical Construction Group Co. Ltd. of MINMETALS,posted,2026-08-13T05:31:52.393805,2063.0
899877ad1c295643,https://jobsbotswana.info/jobs/currency-processing-systems-specialist-snap-botswana/,CURRENCY PROCESSING SYSTEMS SPECIALIST – Snap Botswana,Snap Botswana,posted,2026-08-13T05:32:08.458861,2065.0
b790db51f79420eb,https://jobsbotswana.info/jobs/customer-experience-insights-quality-assurance-officer-bayport-financial-services-botswana-2/,CUSTOMER EXPERIENCE & INSIGHTS QUALITY ASSURANCE OFFICER – Bayport Financial Services Botswana,Bayport Financial Services Botswana,posted,2026-08-13T05:32:23.435530,2066.0
8fd85f384e742c8a,https://jobsbotswana.info/jobs/de-beers-group-phd-scholarship-programme-botswana-international-university-of-science-and-technology/,DE BEERS GROUP PHD SCHOLARSHIP PROGRAMME – Botswana International University of Science and Technology,Botswana International University of Science and Technology,posted,2026-08-13T05:32:41.046164,2068.0
732dd5091b4ed600,https://jobsbotswana.info/jobs/dealer-principal-francistown-garage-pty-ltd/,DEALER PRINCIPAL – Francistown Garage (PTY) Ltd,Francistown Garage (PTY) Ltd,posted,2026-08-13T05:32:57.755094,2069.0
942a9247cc2bc98d,https://jobsbotswana.info/jobs/debt-recovery-supervisor-thapelo-investments-pty-ltd/,DEBT RECOVERY SUPERVISOR – Thapelo Investments (Pty) Ltd,THAPELO INVESTMENTS (PTY) LTD,posted,2026-08-13T05:33:13.692191,2071.0
a06458ba951c4d51,https://jobsbotswana.info/jobs/director-flight-operations-re-advertisement-air-botswana/,DIRECTOR FLIGHT OPERATIONS (RE-ADVERTISEMENT) – Air Botswana,Air Botswana,posted,2026-08-13T05:33:29.947811,2073.0
2fdf625563a7f4ff,https://jobsbotswana.info/jobs/drill-rig-assistants-mindea-exploration-and-drilling-services/,DRILL RIG ASSISTANTS – Mindea Exploration and Drilling Services,Mindea Exploration and Drilling Services,posted,2026-08-13T05:33:46.946917,2075.0
b5f99b1935ffb941,https://jobsbotswana.info/jobs/finance-manager-jackstands-projects-pty-ltd-t-a-olspa-botswana/,FINANCE MANAGER – Jackstands Projects (Pty) Ltd t/a Olspa Botswana,Jackstands Projects (Pty) Ltd t/a Olspa Botswana,posted,2026-08-13T05:34:03.616692,2076.0
09c48b9172b80fc6,https://jobsbotswana.info/jobs/finance-officer-kalahari-test-holdings/,FINANCE OFFICER – Kalahari Test Holdings,Kalahari Test Holdings,posted,2026-08-13T05:34:19.035399,2078.0
f5ae5fecf80e5d3d,https://jobsbotswana.info/jobs/frontline-payroll-administrator-life-gaborone-private-hospital/,FRONTLINE PAYROLL ADMINISTRATOR – Life Gaborone Private Hospital,Life Gaborone Private Hospital,posted,2026-08-13T05:34:37.103152,2080.0
0d803ae2f0fb913a,https://jobsbotswana.info/jobs/general-nurse-indus-healthcare-pty-ltd-t-a-francistown-academic-hospital-fah-hospital/,GENERAL NURSE – Indus Healthcare (PTY) LTD T/A Francistown Academic Hospital (FAH Hospital),Indus Healthcare (PTY) LTD T/A Francistown Academic Hospital (FAH Hospital),posted,2026-08-13T05:34:54.202178,2081.0
5b7c60ef8a81258f,https://jobsbotswana.info/jobs/get-coordinator-mindea-exploration-and-drilling-services/,GET COORDINATOR – Mindea Exploration and Drilling Services,Mindea Exploration and Drilling Services,posted,2026-08-13T05:35:17.541731,2083.0
8057d7e4c190bab0,https://jobsbotswana.info/jobs/graduate-intern-human-capital-botswana-ash-pty-ltd/,GRADUATE INTERN – HUMAN CAPITAL – Botswana Ash (PTY) LTD.,Botswana Ash (PTY) LTD.,posted,2026-08-13T05:35:33.246543,2085.0
7e4ecac367f00f04,https://jobsbotswana.info/jobs/head-of-accounting-consultant-fairpoint-corporate-services/,HEAD OF ACCOUNTING (CONSULTANT) – Fairpoint Corporate Services,Fairpoint Corporate Services,posted,2026-08-13T05:35:49.436614,2087.0
079876d755b00d11,https://jobsbotswana.info/jobs/head-of-finance-liberty-life-botswana/,HEAD OF FINANCE – Liberty Life Botswana,Liberty Life Botswana,posted,2026-08-13T05:36:04.492058,2088.0
aac638f7f46dbc68,https://jobsbotswana.info/jobs/headmaster-kopano-school-2/,HEADMASTER – Kopano School,Kopano School,posted,2026-08-13T05:36:18.753824,1936.0
14c25b710adc9f4f,https://jobsbotswana.info/jobs/heavy-duty-driver-lidoma-hr-consultancy/,HEAVY DUTY DRIVER – Lidoma HR Consultancy,Lidoma HR Consultancy,posted,2026-08-13T05:36:33.369783,2090.0
b8dd68fa2904f0b2,https://jobsbotswana.info/jobs/human-capital-administrator-mindea-exploration-and-drilling-services/,HUMAN CAPITAL ADMINISTRATOR – Mindea Exploration and Drilling Services,Mindea Exploration and Drilling Services,posted,2026-08-13T05:36:50.856672,2092.0
01a26e9f762f9b88,https://jobsbotswana.info/jobs/intensive-care-nurse-indus-healthcare-pty-ltd-t-a-francistown-academic-hospital-fah-hospital/,INTENSIVE CARE NURSE – Indus Healthcare (PTY) LTD T/A Francistown Academic Hospital (FAH Hospital),Indus Healthcare (PTY) LTD T/A Francistown Academic Hospital (FAH Hospital),posted,2026-08-13T05:37:04.739542,2093.0
f08ab23cc1652110,https://jobsbotswana.info/jobs/internal-auditor-services-mcm/,INTERNAL AUDITOR -SERVICES – Mcm,MCM,posted,2026-08-13T05:37:21.488702,2095.0
2a604b7493f7e0e3,https://jobsbotswana.info/jobs/internal-auditor-services-technical-morupule-coal-mine/,INTERNAL AUDITOR (SERVICES / TECHNICAL) – Morupule Coal Mine,Morupule Coal Mine,posted,2026-08-13T05:37:37.574967,2097.0
0489ea0b5e501c68,https://jobsbotswana.info/jobs/internal-auditor-technical-mcm/,INTERNAL AUDITOR – TECHNICAL – Mcm,MCM,posted,2026-08-13T05:37:55.314788,2099.0
775952259fd19ddb,https://jobsbotswana.info/jobs/mandarin-translator-camp-administrator-mmg/,MANDARIN TRANSLATOR / CAMP ADMINISTRATOR – Mmg,MMG,posted,2026-08-13T05:38:09.105849,2100.0
3847278b2761a1bb,https://jobsbotswana.info/jobs/marketing-executive-chutney/,MARKETING EXECUTIVE – Chutney,Chutney,posted,2026-08-13T05:38:23.423758,2101.0
9ff14cf288c2e60e,https://jobsbotswana.info/jobs/medical-officer-indus-healthcare-pty-ltd-t-a-francistown-academic-hospital-fah-hospital/,MEDICAL OFFICER – Indus Healthcare (PTY) LTD T/A Francistown Academic Hospital (FAH Hospital),Indus Healthcare (PTY) LTD T/A Francistown Academic Hospital (FAH Hospital),posted,2026-08-13T05:38:39.256470,2103.0
926c522301925fdd,https://jobsbotswana.info/jobs/medical-officer-mri-botswana-limited/,MEDICAL OFFICER – MRI Botswana Limited,MRI Botswana Limited,posted,2026-08-13T05:38:54.149943,2104.0
53e3441a32b3ba5f,https://jobsbotswana.info/jobs/medical-officer-pharmacist-radiographer-registered-nurses-francistown-academic-hospital/,"MEDICAL OFFICER, PHARMACIST, RADIOGRAPHER & REGISTERED NURSES – Francistown Academic Hospital",Francistown Academic Hospital,posted,2026-08-13T05:39:10.190465,2106.0
480728bd1c39618a,https://jobsbotswana.info/jobs/medical-officer/,MEDICAL OFFICER,Jobs Botswana,posted,2026-08-13T05:39:23.768938,2107.0
f9cbde29b5c178d9,https://jobsbotswana.info/jobs/midwives-indus-healthcare-pty-ltd-t-a-francistown-academic-hospital-fah-hospital/,MIDWIVES – Indus Healthcare (PTY) LTD T/A Francistown Academic Hospital (FAH Hospital),Indus Healthcare (PTY) LTD T/A Francistown Academic Hospital (FAH Hospital),posted,2026-08-13T05:39:39.395043,2108.0
aea2207387e8405a,https://jobsbotswana.info/jobs/mining-engineer-mindea-exploration-and-drilling-services/,MINING ENGINEER – Mindea Exploration and Drilling Services,Mindea Exploration and Drilling Services,posted,2026-08-13T05:39:55.711367,2110.0
d601d93fdffc4f45,https://jobsbotswana.info/jobs/non-executive-trustee-botswana-medical-aid-society/,NON-EXECUTIVE TRUSTEE – Botswana Medical Aid Society,Botswana Medical Aid Society,posted,2026-08-13T05:40:11.774451,2112.0
de4ed8d20c1317ff,https://jobsbotswana.info/jobs/non-executive-trustee-risk-management-expertise-botswana-medical-aid-society-2/,NON-EXECUTIVE TRUSTEE (RISK MANAGEMENT EXPERTISE) – Botswana Medical Aid Society,Botswana Medical Aid Society,posted,2026-08-13T05:40:26.456436,2114.0
c19d4749e70f4a53,https://jobsbotswana.info/jobs/non-executive-trustee-risk-management-expertise-botswana-medical-aid-society/,NON-EXECUTIVE TRUSTEE – RISK MANAGEMENT EXPERTISE – Botswana Medical Aid Society,Botswana Medical Aid Society,posted,2026-08-13T05:40:41.925801,2116.0
a9879d20e766ebe1,https://jobsbotswana.info/jobs/operational-director-chutney/,OPERATIONAL DIRECTOR – Chutney,Chutney,posted,2026-08-13T05:40:55.726151,2117.0
498880dd8988fe96,https://jobsbotswana.info/jobs/operations-contracts-manager-bango-trading-pty-ltd/,OPERATIONS & CONTRACTS MANAGER – Bango Trading (Pty) Ltd,Bango Trading (Pty) Ltd,posted,2026-08-13T05:41:11.531133,2119.0
a1bdc1354d4202d2,https://jobsbotswana.info/jobs/operations-contracts-manager-bango-trading/,OPERATIONS & CONTRACTS MANAGER – Bango Trading,Bango Trading,posted,2026-08-13T05:41:26.561732,2121.0
5837fb70ab535398,https://jobsbotswana.info/jobs/personal-secretary-to-the-managing-director-bango-trading-pty-ltd/,PERSONAL SECRETARY TO THE MANAGING DIRECTOR – Bango Trading (Pty) Ltd,Bango Trading (Pty) Ltd,posted,2026-08-13T05:41:43.536333,2123.0
d789d7817f989daf,https://jobsbotswana.info/jobs/pharmacist-indus-healthcare-pty-ltd-t-a-francistown-academic-hospital-fah-hospital/,PHARMACIST – Indus Healthcare (PTY) LTD T/A Francistown Academic Hospital (FAH Hospital),Indus Healthcare (PTY) LTD T/A Francistown Academic Hospital (FAH Hospital),posted,2026-08-13T05:41:57.911957,2124.0
a996efe717378604,https://jobsbotswana.info/jobs/plant-administration-officer-mindea-exploration-and-drilling-services/,PLANT ADMINISTRATION OFFICER – Mindea Exploration and Drilling Services,Mindea Exploration and Drilling Services,posted,2026-08-13T05:42:15.168178,2126.0
7ffa9034b9793332,https://jobsbotswana.info/jobs/project-accountant-mindea-exploration-and-drilling-services/,PROJECT ACCOUNTANT – Mindea Exploration and Drilling Services,Mindea Exploration and Drilling Services,posted,2026-08-13T05:42:28.919773,1970.0
0be2c65731736bc7,https://jobsbotswana.info/jobs/project-engineer-civil-engineer-stormwater-engineer-project-quantity-surveyor-kkr-projects/,PROJECT ENGINEER / CIVIL ENGINEER / STORMWATER ENGINEER / PROJECT QUANTITY SURVEYOR – Kkr Projects,KKR PROJECTS,posted,2026-08-13T05:42:45.379188,2128.0
6ce5db95c7aa08a2,https://jobsbotswana.info/jobs/project-manager-23rd-metallurgical-construction-group-co-ltd-of-minmetals/,PROJECT MANAGER – 23rd Metallurgical Construction Group Co. Ltd. of MINMETALS,23rd Metallurgical Construction Group Co. Ltd. of MINMETALS,posted,2026-08-13T05:43:00.429256,2129.0
8f72a8c540c85c4a,https://jobsbotswana.info/jobs/project-manager-kkr-projects/,PROJECT MANAGER – KKR Projects,KKR Projects,posted,2026-08-13T05:43:15.086080,2131.0
cade64ea15d4dfc7,https://jobsbotswana.info/jobs/project-manager-project-cost-analyst-project-planners-project-administrators-kkr-projects/,"PROJECT MANAGER, PROJECT COST ANALYST, PROJECT PLANNERS & PROJECT ADMINISTRATORS – Kkr Projects",KKR PROJECTS,posted,2026-08-13T05:43:31.574103,2133.0
2d5ba2c79eb88bca,https://jobsbotswana.info/jobs/project-manager-underground-lucara-botswana-2/,PROJECT MANAGER – UNDERGROUND – Lucara Botswana,Lucara Botswana,posted,2026-08-13T05:43:47.729784,2134.0
923cec571c187397,https://jobsbotswana.info/jobs/projects-planner-bango-trading-pty-ltd/,PROJECTS PLANNER – Bango Trading (Pty) Ltd,Bango Trading (Pty) Ltd,posted,2026-08-13T05:44:04.147381,2136.0
b0534d7eb6cc7aa2,https://jobsbotswana.info/jobs/pvt-recruit-botswana-defence-force/,PVT-RECRUIT – Botswana Defence Force,Botswana Defence Force,posted,2026-08-13T05:44:21.411585,2138.0
37d74ffa3d55edb3,https://jobsbotswana.info/jobs/qa-qc-engineer-electrical-automation-mmg/,QA/QC ENGINEER (ELECTRICAL & AUTOMATION) – Mmg,MMG,posted,2026-08-13T05:44:35.399154,2139.0
ec1f39d973693927,https://jobsbotswana.info/jobs/quality-assurance-quality-control-lead-mmg/,QUALITY ASSURANCE QUALITY CONTROL LEAD – Mmg,MMG,posted,2026-08-13T05:44:48.757792,2140.0
12f8cf46039b6b7e,https://jobsbotswana.info/jobs/quality-control-assistants-mindea-exploration-and-drilling-services/,QUALITY CONTROL ASSISTANTS – Mindea Exploration and Drilling Services,Mindea Exploration and Drilling Services,posted,2026-08-13T05:45:06.333228,2142.0
7012f5ab71e6f044,https://jobsbotswana.info/jobs/quality-controller-mindea-exploration-and-drilling-services/,QUALITY CONTROLLER – Mindea Exploration and Drilling Services,Mindea Exploration and Drilling Services,posted,2026-08-13T05:45:23.559336,2144.0
a8cfed9e40366f5e,https://jobsbotswana.info/jobs/radiographer-indus-healthcare-pty-ltd-t-a-francistown-academic-hospital-fah-hospital/,RADIOGRAPHER – Indus Healthcare (PTY) LTD T/A Francistown Academic Hospital (FAH Hospital),Indus Healthcare (PTY) LTD T/A Francistown Academic Hospital (FAH Hospital),posted,2026-08-13T05:45:37.528916,2145.0
5ce87adfbc42f993,https://jobsbotswana.info/jobs/radiographer-mri-botswana-limited-2/,RADIOGRAPHER – MRI Botswana Limited,MRI Botswana Limited,posted,2026-08-13T05:45:53.359336,2147.0
cb68cb895d43a02e,https://jobsbotswana.info/jobs/regional-operations-manager-technical-services-north-motovac/,REGIONAL OPERATIONS MANAGER – TECHNICAL SERVICES – NORTH – Motovac,Motovac,posted,2026-08-13T05:46:08.624974,2149.0
8daa676114eef69b,https://jobsbotswana.info/jobs/risk-and-compliance-officer-kkr-projects/,RISK AND COMPLIANCE OFFICER – KKR Projects,KKR Projects,posted,2026-08-13T05:46:23.277782,2151.0
d974d027f588e7be,https://jobsbotswana.info/jobs/risk-and-compliance-officer-project-controller-mechanical-electrical-engineers-kkr-projects/,"RISK AND COMPLIANCE OFFICER, PROJECT CONTROLLER, MECHANICAL & ELECTRICAL ENGINEERS – Kkr Projects",KKR PROJECTS,posted,2026-08-13T05:46:40.813759,2153.0
fa62d3f39addbc03,https://jobsbotswana.info/jobs/sales-consultant-falcon-car-rental/,SALES CONSULTANT – Falcon Car Rental,Falcon Car Rental,posted,2026-08-13T05:46:55.658783,2155.0
74d6a25ed8d7744a,https://jobsbotswana.info/jobs/semi-skilled-mechanics-mindea-exploration-and-drilling-services/,SEMI-SKILLED MECHANICS – Mindea Exploration and Drilling Services,Mindea Exploration and Drilling Services,posted,2026-08-13T05:47:12.499337,2157.0
cc331cca06272769,https://jobsbotswana.info/jobs/senior-contracts-engineer-bango-trading-pty-ltd/,SENIOR CONTRACTS ENGINEER – Bango Trading (Pty) Ltd,Bango Trading (Pty) Ltd,posted,2026-08-13T05:47:30.304720,2159.0
7e2da2aadbb97d04,https://jobsbotswana.info/jobs/senior-human-capital-officer-mindea-exploration-and-drilling-services/,SENIOR HUMAN CAPITAL OFFICER – Mindea Exploration and Drilling Services,Mindea Exploration and Drilling Services,posted,2026-08-13T05:47:47.138792,2161.0
7c3fc10458682a17,https://jobsbotswana.info/jobs/service-personnel-mindea-exploration-and-drilling-services/,SERVICE PERSONNEL – Mindea Exploration and Drilling Services,Mindea Exploration and Drilling Services,posted,2026-08-13T05:48:04.745097,2163.0
be8f23e7981f597f,https://jobsbotswana.info/jobs/storekeeper-okavango-widgets-1786516189336/,STOREKEEPER – Okavango Widgets 1786516189336,Okavango Widgets 1786516189336,posted,2026-08-13T05:48:17.532284,2164.0
f309b96af42532bf,https://jobsbotswana.info/jobs/stores-personnel-mindea-exploration-and-drilling-services/,STORES PERSONNEL – Mindea Exploration and Drilling Services,Mindea Exploration and Drilling Services,posted,2026-08-13T05:48:31.371047,2001.0
1b99eda25a86f2a3,https://jobsbotswana.info/jobs/surveying-technician-23rd-metallurgical-construction-group-co-ltd-of-minmetals/,SURVEYING TECHNICIAN – 23rd Metallurgical Construction Group Co. Ltd. of MINMETALS,23rd Metallurgical Construction Group Co. Ltd. of MINMETALS,posted,2026-08-13T05:48:46.920149,2165.0
e1fb9f69270ef7bd,https://jobsbotswana.info/jobs/tax-advisory-team-leader-fairpoint/,TAX ADVISORY TEAM LEADER – Fairpoint,Fairpoint,posted,2026-08-13T05:49:03.104860,2167.0
9620609ed6911605,https://jobsbotswana.info/jobs/technical-manager-23rd-metallurgical-construction-group-co-ltd-of-minmetals/,TECHNICAL MANAGER – 23rd Metallurgical Construction Group Co. Ltd. of MINMETALS,23rd Metallurgical Construction Group Co. Ltd. of MINMETALS,posted,2026-08-13T05:49:18.060006,2168.0
e3286b647caf7991,https://jobsbotswana.info/jobs/training-officer-mindea-exploration-and-drilling-services/,TRAINING OFFICER – Mindea Exploration and Drilling Services,Mindea Exploration and Drilling Services,posted,2026-08-13T05:49:32.662361,2019.0
9ad67314c01980e4,https://jobsbotswana.info/jobs/transmission-distribution-manager-bokone-reticulation-electrical-systems-ptyltd/,TRANSMISSION & DISTRIBUTION MANAGER – Bokone Reticulation& Electrical Systems (Pty)Ltd,Bokone Reticulation& Electrical Systems (Pty)Ltd,posted,2026-08-13T05:50:14.512315,2170.0
433bb3762a9e2030,https://jobsbotswana.info/jobs/vacancy-for-teachers-deputy-vice-principal-nurse-legae-academy/,"VACANCY FOR TEACHERS, DEPUTY VICE PRINCIPAL & NURSE – Legae Academy",LEGAE ACADEMY,posted,2026-08-13T05:50:30.994485,2172.0
fc1fb6ec51a41485,https://jobsbotswana.info/jobs/various-vacancies-cscec-ptyltd/,VARIOUS VACANCIES – Csc&ec (Pty)ltd,CSC&EC (PTY)LTD,posted,2026-08-13T05:50:49.482171,2174.0
61c66da9bcd8ce0c,https://jobsbotswana.info/jobs/various-vacancies-customer-experience-insights-qa-officer-risk-anti-money-laundering-officer-data-protection-officer-portfolio-analyst-credit-risk-bayport-financial-services-botsw/,"VARIOUS VACANCIES (CUSTOMER EXPERIENCE & INSIGHTS QA OFFICER, RISK & ANTI-MONEY LAUNDERING OFFICER, DATA PROTECTION OFFICER, PORTFOLIO ANALYST – CREDIT RISK) – Bayport Financial Services Botswana",Bayport Financial Services Botswana,posted,2026-08-13T05:51:04.566436,2175.0
b3e3c76c510d066b,https://jobsbotswana.info/jobs/acting-principal-primary-school-john-mackenzie-school/,ACTING PRINCIPAL – PRIMARY SCHOOL – John Mackenzie School,John Mackenzie School,posted,2026-08-15T04:09:00.199145,2177.0
297f5f602767fc35,https://jobsbotswana.info/jobs/project-manager-underground-lucara-botswana/,PROJECT MANAGER – UNDERGROUND – Lucara Botswana,Lucara Botswana,posted,2026-08-15T04:09:13.814505,2134.0
5c09de5601d517ec,https://jobsbotswana.info/jobs/radiographer-mri-botswana-limited-3/,RADIOGRAPHER – MRI Botswana Limited,MRI Botswana Limited,posted,2026-08-15T04:09:26.604155,2147.0
3f555c4f875a8335,https://jobsbotswana.info/jobs/a-works-contract-for-maintenance-of-lifts-at-ministry-of-labour-and-home-affairs-offices-in-gaborone-maun-francistown-and-kanye-ministry-of-labour-and-home-affairs/,"A WORKS CONTRACT FOR MAINTENANCE OF LIFTS AT MINISTRY OF LABOUR AND HOME AFFAIRS OFFICES IN GABORONE, MAUN, FRANCISTOWN AND KANYE – Ministry of Labour and Home Affairs",Ministry of Labour and Home Affairs,posted,2026-08-17T04:25:46.267940,2179.0
f50638e9cfc18c2a,https://jobsbotswana.info/jobs/administrative-intern-ywca-botswana/,ADMINISTRATIVE INTERN – YWCA Botswana,YWCA Botswana,posted,2026-08-17T04:26:03.948308,2181.0
8666f8b202b3e08a,https://jobsbotswana.info/jobs/associate-attorney-gobhoza-legal-practice-2/,ASSOCIATE ATTORNEY – Gobhoza Legal Practice,Gobhoza Legal Practice,posted,2026-08-17T04:26:17.910202,2182.0
274fd3b6f3173d07,https://jobsbotswana.info/jobs/associate-attorney-kewagamang-legal-practice/,ASSOCIATE ATTORNEY – Kewagamang Legal Practice,Kewagamang Legal Practice,posted,2026-08-17T04:26:34.632688,2184.0
2777d142f9822fce,https://jobsbotswana.info/jobs/branch-manager-china-road-and-bridge-corporation-crbc/,BRANCH MANAGER – China Road and Bridge Corporation (CRBC),China Road and Bridge Corporation (CRBC),posted,2026-08-17T04:26:49.906122,2186.0
a900fe8cfc5590a3,https://jobsbotswana.info/jobs/chef-delta-waters-international-school/,CHEF – Delta Waters International School,Delta Waters International School,posted,2026-08-17T04:27:04.837367,2188.0
29d45221052cf25e,https://jobsbotswana.info/jobs/company-director-brightminds-consultancy-pty-ltd/,COMPANY DIRECTOR – Brightminds Consultancy (Pty) Ltd,Brightminds Consultancy (Pty) Ltd,posted,2026-08-17T04:27:21.397907,2190.0
82af25a3f79b9056,https://jobsbotswana.info/jobs/deputy-vice-chancellor-teaching-and-learning-botswana-international-university-of-science-and-technology-biust/,DEPUTY VICE CHANCELLOR – TEACHING AND LEARNING – Botswana International University of Science and Technology (BIUST),Botswana International University of Science and Technology (BIUST),posted,2026-08-17T04:27:36.350820,2191.0
b778533987c16ae5,https://jobsbotswana.info/jobs/director-library-and-information-services-the-university-of-botswana/,DIRECTOR: LIBRARY AND INFORMATION SERVICES – The University of Botswana,The University of Botswana,posted,2026-08-17T04:27:51.905656,2192.0
9f67b770873d9dbe,https://jobsbotswana.info/jobs/electrician-apprentice-bolux-group/,ELECTRICIAN – (APPRENTICE) – Bolux Group,BOLUX GROUP,posted,2026-08-17T04:28:09.732197,2194.0
2a14cf8498585bc2,https://jobsbotswana.info/jobs/enterprise-change-specialist-3-year-ftc-national-development-bank/,ENTERPRISE CHANGE SPECIALIST – 3 YEAR FTC – National Development Bank,National Development Bank,posted,2026-08-17T04:28:24.260536,2195.0
7d4ffb6d622ad2f9,https://jobsbotswana.info/jobs/experienced-pharmacist-lifeline-pharmacy-pty-ltd/,EXPERIENCED PHARMACIST – Lifeline Pharmacy (Pty) Ltd,Lifeline Pharmacy (Pty) Ltd,posted,2026-08-17T04:28:38.427718,2197.0
b5426cfb96dd629c,https://jobsbotswana.info/jobs/finance-manager-jackstands-projects-pty-ltd-t-a-olsipa-botswana/,FINANCE MANAGER – Jackstands Projects (Pty) Ltd t/a Olsipa Botswana,Jackstands Projects (Pty) Ltd t/a Olsipa Botswana,posted,2026-08-17T04:28:53.792129,2198.0
94522c1db36bb718,https://jobsbotswana.info/jobs/financial-resources-management-manager-fnb-first-national-bank/,FINANCIAL RESOURCES MANAGEMENT MANAGER – FNB (First National Bank),FNB (First National Bank),posted,2026-08-17T04:29:10.212735,2200.0
84d8ca7eabf8dbca,https://jobsbotswana.info/jobs/general-manager-la-noche-lounge/,GENERAL MANAGER – La Noche Lounge,La Noche Lounge,posted,2026-08-17T04:29:25.372383,2201.0
49b8dbe1bc00ade3,https://jobsbotswana.info/jobs/general-manager/,GENERAL MANAGER,Jobs Botswana,posted,2026-08-17T04:29:40.166928,2202.0
524de2d5fdb4d940,https://jobsbotswana.info/jobs/head-sales-commercialisation-standard-bank/,"HEAD, SALES & COMMERCIALISATION – Standard Bank",Standard Bank,posted,2026-08-17T04:29:57.668066,2204.0
81fce756f632e767,https://jobsbotswana.info/jobs/human-resources-business-partner-national-development-bank/,HUMAN RESOURCES BUSINESS PARTNER – National Development Bank,National Development Bank,posted,2026-08-17T04:30:15.669785,2205.0
83d2f78d3fe74179,https://jobsbotswana.info/jobs/it-support-officer-helpdesk-national-development-bank/,IT SUPPORT OFFICER – HELPDESK – National Development Bank,National Development Bank,posted,2026-08-17T04:30:31.415678,2206.0
f261325b878386e0,https://jobsbotswana.info/jobs/lecturer-in-computer-engineering-the-university-of-botswana-ub/,LECTURER IN COMPUTER ENGINEERING – The University of Botswana (UB),The University of Botswana (UB),posted,2026-08-17T04:30:57.306275,2207.0
97d1f56b4f6020f6,https://jobsbotswana.info/jobs/lecturer-in-electrical-engineering-5-year-fixed-term-the-university-of-botswana-ub/,LECTURER IN ELECTRICAL ENGINEERING (5 YEAR FIXED-TERM) – The University of Botswana (UB),The University of Botswana (UB),posted,2026-08-17T04:31:14.119922,2208.0
0fee21daa9c743a3,https://jobsbotswana.info/jobs/locum-radiographer-lerang-imaging-pty-ltd/,LOCUM RADIOGRAPHER – Lerang Imaging (Pty) Ltd,Lerang Imaging (Pty) Ltd,posted,2026-08-17T04:31:29.876908,2210.0
fb97a63b11652bcf,https://jobsbotswana.info/jobs/operations-contracts-manager-bango-trading-pty-ltd-2/,OPERATIONS & CONTRACTS MANAGER – Bango Trading (Pty) Ltd,BANGO TRADING (PTY) LTD,posted,2026-08-17T04:31:47.376487,2212.0
b9bc68bca76fd034,https://jobsbotswana.info/jobs/pa-to-the-managing-director-bango-trading-pty-ltd/,PA TO THE MANAGING DIRECTOR – Bango Trading (Pty) Ltd,BANGO TRADING (PTY) LTD,posted,2026-08-17T04:31:59.729326,2123.0
967cccc568b614c6,https://jobsbotswana.info/jobs/personal-secretary-to-the-managing-director-bango-trading-pty-ltd-2/,PERSONAL SECRETARY TO THE MANAGING DIRECTOR – Bango Trading (Pty) Ltd,BANGO TRADING (PTY) LTD,posted,2026-08-17T04:32:14.269520,2123.0
bff04bcc844aa4ff,https://jobsbotswana.info/jobs/primary-teachers-ace-eagles-academy/,PRIMARY TEACHERS – Ace Eagles Academy,ACE EAGLES ACADEMY,posted,2026-08-17T04:32:48.420080,2213.0
13682db25bff5e14,https://jobsbotswana.info/jobs/procurement-of-an-enterprise-resource-planning-application-national-development-bank-ndb/,PROCUREMENT OF AN ENTERPRISE RESOURCE PLANNING APPLICATION – National Development Bank (NDB),National Development Bank (NDB),posted,2026-08-17T04:33:03.176848,2215.0
d76b47bac041ee15,https://jobsbotswana.info/jobs/professional-braille-pensionable-the-university-of-botswana-ub/,PROFESSIONAL: BRAILLE (PENSIONABLE) – The University of Botswana (UB),The University of Botswana (UB),posted,2026-08-17T04:33:37.704653,2216.0
0c05f7d1e6881f5f,https://jobsbotswana.info/jobs/projects-planner-bango-trading-pty-ltd-2/,PROJECTS PLANNER – Bango Trading (Pty) Ltd,BANGO TRADING (PTY) LTD,posted,2026-08-17T04:34:15.899241,2217.0
fb98b2c31fc5f1da,https://jobsbotswana.info/jobs/receptionist-bango-trading-pty-ltd/,RECEPTIONIST – Bango Trading (Pty) Ltd,BANGO TRADING (PTY) LTD,posted,2026-08-17T04:34:32.654811,2218.0
f5c9fe8749903069,https://jobsbotswana.info/jobs/senior-contracts-engineer-bango-trading-pty-ltd-2/,SENIOR CONTRACTS ENGINEER – Bango Trading (Pty) Ltd,BANGO TRADING (PTY) LTD,posted,2026-08-17T04:34:47.761147,2219.0
e998dac6125da629,https://jobsbotswana.info/jobs/senior-quantity-surveyor-bango-trading-pty-ltd/,SENIOR QUANTITY SURVEYOR – Bango Trading (Pty) Ltd,BANGO TRADING (PTY) LTD,posted,2026-08-17T04:35:03.523363,2220.0
2899d7d5e467be17,https://jobsbotswana.info/jobs/sherq-manager-unitrans/,SHERQ MANAGER – Unitrans,Unitrans,posted,2026-08-17T04:35:23.698408,2222.0
7907634b515f9ea5,https://jobsbotswana.info/jobs/technician-computer-and-telecommunication-egineering-3-positions-the-university-of-botswana-ub/,TECHNICIAN – COMPUTER AND TELECOMMUNICATION EGINEERING (3 POSITIONS) – The University of Botswana (UB),The University of Botswana (UB),posted,2026-08-17T04:35:41.412106,2224.0
ad46de3a4661209f,https://jobsbotswana.info/jobs/technician-in-electrical-or-electronics-engineering-the-university-of-botswana-ub/,TECHNICIAN IN ELECTRICAL OR ELECTRONICS ENGINEERING – The University of Botswana (UB),The University of Botswana (UB),posted,2026-08-17T04:35:57.034006,2225.0
0a13d45ea3bd095b,https://jobsbotswana.info/jobs/videographer-photographer-video-editor-la-noche-lounge/,VIDEOGRAPHER / PHOTOGRAPHER / VIDEO EDITOR – La Noche Lounge,La Noche Lounge,posted,2026-08-17T04:36:11.008316,2226.0
39876d7be19c1e89,https://jobsbotswana.info/jobs/workshop-manager-bango-trading-pty-ltd-2/,WORKSHOP MANAGER – Bango Trading (Pty) Ltd,BANGO TRADING (PTY) LTD,posted,2026-08-17T04:36:44.790094,2227.0
0d026e16df4864fd,https://jobsbotswana.info/jobs/academic-support-officer-examinations-arthur-portland-college/,ACADEMIC SUPPORT OFFICER – EXAMINATIONS – Arthur Portland College,Arthur Portland College,posted,2026-08-19T04:22:43.319131,2229.0
e52f05e3386fa6fe,https://jobsbotswana.info/jobs/accountant-accounts-personnel-boswa-culinary-institute-of-botswana/,ACCOUNTANT / ACCOUNTS PERSONNEL – Boswa Culinary Institute of Botswana,Boswa Culinary Institute of Botswana,posted,2026-08-19T04:22:58.101848,2231.0
9b57f7ed4f0ac853,https://jobsbotswana.info/jobs/accounts-officer-medismart-pharmacy/,ACCOUNTS OFFICER – MediSmart Pharmacy,MediSmart Pharmacy,posted,2026-08-19T04:23:10.990017,2232.0
557aade1785030ff,https://jobsbotswana.info/jobs/administrative-officer-ministry-of-international-relations-republic-of-botswana/,"ADMINISTRATIVE OFFICER – Ministry of International Relations, Republic of Botswana","Ministry of International Relations, Republic of Botswana",posted,2026-08-19T04:23:22.798653,2233.0
d040fc59ea0445f8,https://jobsbotswana.info/jobs/administrative-officer-united-nations/,"ADMINISTRATIVE OFFICER, P4",United Nations,posted,2026-08-19T04:23:41.189003,2234.0
e2baba20fb667720,https://jobsbotswana.info/jobs/associate-attorney-gobhoza-legal-practice/,ASSOCIATE ATTORNEY – Gobhoza Legal Practice,GOBHOZA LEGAL PRACTICE,posted,2026-08-19T04:23:56.061963,2235.0
6ba76377fe6a4c55,https://jobsbotswana.info/jobs/boilermaker-alman-metals/,BOILERMAKER – Alman Metals,Alman Metals,posted,2026-08-19T04:24:10.138974,2237.0
beadb2ad2aea0cfe,https://jobsbotswana.info/jobs/boilermaker-technician-gmc-maruding-resources-proprietary-limited/,BOILERMAKER TECHNICIAN – Gmc Maruding Resources Proprietary Limited,GMC MARUDING RESOURCES PROPRIETARY LIMITED,posted,2026-08-19T04:24:25.919203,2239.0
fc43a6d255211a1d,https://jobsbotswana.info/jobs/brand-ambassadors-promoters-popworld-events-and-entertainments-services-pty-ltd/,BRAND AMBASSADORS & PROMOTERS – Popworld Events and Entertainments Services (Pty) Ltd.,Popworld Events and Entertainments Services (Pty) Ltd.,posted,2026-08-19T04:24:40.776873,2241.0
bb1c8f07bbe1401c,https://jobsbotswana.info/jobs/chef-diamond-trainer-galaxy-operator-bruiting-full-diamond-polisher-diamond-polisher-preparation-diamond-polisher-fancy-round-diamond-polisher-top-lap-diamond-polisher-brill-galahad-machine-o/,"CHEF, DIAMOND TRAINER, GALAXY OPERATOR, BRUITING, FULL DIAMOND POLISHER, DIAMOND POLISHER-PREPARATION, DIAMOND POLISHER-FANCY/ROUND, DIAMOND POLISHER TOP LAP, DIAMOND POLISHER BRILL, GALAHAD MACHINE OPERATOR, OPTIMUS MACHINE OPERATOR, HELIUM MACHINE OPERATOR, DIAMOND PLANNER/MARKER, SARINE OPERATOR, 4P/LASER MACHINE OPERATOR-M-BOX OPERATOR, DIAMOND GRADER, BRUITING, GROOVING ARTISAN – Kgk Diamonds Botswana Pty. Ltd.",KGK DIAMONDS BOTSWANA PTY. LTD.,posted,2026-08-19T04:24:54.067427,2242.0
f8a2ee55a54f705d,https://jobsbotswana.info/jobs/chief-finance-officer-cfo-bank-of-baroda-botswana-ltd/,CHIEF FINANCE OFFICER (CFO) – Bank of Baroda (Botswana) Ltd.,Bank of Baroda (Botswana) Ltd.,posted,2026-08-19T04:25:15.271528,2244.0
d630713bb56de165,https://jobsbotswana.info/jobs/chief-of-section-programme-management-ministry-of-international-relations-republic-of-botswana/,"Chief of Section, Programme Management, P5","Ministry of International Relations, Republic of Botswana",posted,2026-08-19T04:25:31.103803,2245.0
f6eeeb5ff8c8b0ea,https://jobsbotswana.info/jobs/chief-technician-the-university-of-botswana-ub/,CHIEF TECHNICIAN – The University of Botswana (UB),The University of Botswana (UB),posted,2026-08-19T04:25:48.395544,2247.0
b819f7cdfedd133c,https://jobsbotswana.info/jobs/class-teachers-st-anthonys-primary-school-of-palapye/,CLASS TEACHERS – St. Anthony’s Primary School of Palapye,St. Anthony's Primary School of Palapye,posted,2026-08-19T04:26:01.808392,2248.0
77b0a1c5b3104bb1,https://jobsbotswana.info/jobs/commodity-based-trade-cbt-manager-conservation-international/,COMMODITY BASED TRADE (CBT) MANAGER – Conservation International,Conservation International,posted,2026-08-19T04:26:15.213576,2250.0
7335b9c52286002a,https://jobsbotswana.info/jobs/communication-content-specialist-mbewe-legal-practice/,COMMUNICATION & CONTENT SPECIALIST – Mbewe Legal Practice,MBEWE LEGAL PRACTICE,posted,2026-08-19T04:26:30.421406,2252.0
ad5b1852c9932bf5,https://jobsbotswana.info/jobs/concrete-technician-tkm-engineering-pty-ltd/,CONCRETE TECHNICIAN – TKM Engineering (Pty) Ltd,TKM Engineering (Pty) Ltd,posted,2026-08-19T04:26:48.850415,2254.0
5433c7c36419dde4,https://jobsbotswana.info/jobs/corporate-services-manager-thuto-saccos/,CORPORATE SERVICES MANAGER – Thuto SACCOS,Thuto SACCOS,posted,2026-08-19T04:27:04.718766,2256.0
1a56b9eb019de2f3,https://jobsbotswana.info/jobs/database-manager-united-nations/,"Database Manager, P3",United Nations,posted,2026-08-19T04:27:19.154272,2257.0
ddd9fd2a7fcbf588,https://jobsbotswana.info/jobs/director-corporate-management-division-united-nations-human-settlements-programme-un-habitat/,"Director, Corporate Management Division, D1",United Nations Human Settlements Programme (UN-Habitat),posted,2026-08-19T04:27:33.582818,2258.0
0a3c5ed7c6880f2e,https://jobsbotswana.info/jobs/electrician-apprentice-bolux-group-2/,ELECTRICIAN – APPRENTICE – Bolux Group,Bolux Group,posted,2026-08-19T04:27:46.797442,2194.0
80d935b6b35332cc,https://jobsbotswana.info/jobs/farm-workers-wanted-x2-at-tshelho-farmlands-serowe-tshelho-farmlands/,FARM WORKERS WANTED (X2) AT TSHELHO FARMLANDS – SEROWE – Tshelho Farmlands,TSHELHO FARMLANDS,posted,2026-08-19T04:28:01.894960,2260.0
31dc9c01041b3288,https://jobsbotswana.info/jobs/finance-and-budget-officer-ministry-of-international-relations-republic-of-botswana/,"Resident Coordinator (Argentina), D2","Ministry of International Relations, Republic of Botswana",posted,2026-08-19T04:28:19.538230,2261.0
f84b2be42fdeb1aa,https://jobsbotswana.info/jobs/financial-advisors-carthcart-wealth-managers/,FINANCIAL ADVISORS – Carthcart Wealth Managers,Carthcart Wealth Managers,posted,2026-08-19T04:28:35.731923,2263.0
727ca3801bda68cb,https://jobsbotswana.info/jobs/financial-crime-analyst-standard-bank/,FINANCIAL CRIME ANALYST – Standard Bank,Standard Bank,posted,2026-08-19T04:28:51.750326,2265.0
50c07906fdd9c9b3,https://jobsbotswana.info/jobs/food-scientist-product-development-quality-assurance-takuwa-natural-products/,FOOD SCIENTIST – PRODUCT DEVELOPMENT & QUALITY ASSURANCE – Takuwa Natural Products,TAKUWA NATURAL PRODUCTS,posted,2026-08-19T04:29:07.611873,2267.0
6ceb4cad5095f6a0,https://jobsbotswana.info/jobs/framework-tender-for-the-supply-and-delivery-of-48kg-lpg-gas-cylinder-refills-to-primary-schools-in-palapye-district-palapye-district-council/,FRAMEWORK TENDER FOR THE SUPPLY AND DELIVERY OF 48KG LPG GAS CYLINDER REFILLS TO PRIMARY SCHOOLS IN PALAPYE DISTRICT – Palapye District Council,Palapye District Council,posted,2026-08-19T04:29:24.436353,2269.0
fb00e91379f22dfb,https://jobsbotswana.info/jobs/hotel-manager-avani-gaborone-resort-casino/,HOTEL MANAGER – Avani Gaborone Resort & Casino,Avani Gaborone Resort & Casino,posted,2026-08-19T04:29:39.976475,2271.0
14efef625b60e904,https://jobsbotswana.info/jobs/hr-officer-quality-meat-pty-ltd/,HR OFFICER – Quality Meat (Pty) Ltd,Quality Meat (Pty) Ltd,posted,2026-08-19T04:29:54.255074,2273.0
aba4fab24a39880e,https://jobsbotswana.info/jobs/independent-board-members-for-north-west-district-council-owned-entity-bojanala-prime-holdings-pty-ltd-bojanala-prime-holdings-pty-ltd/,INDEPENDENT BOARD MEMBERS FOR NORTH WEST DISTRICT COUNCIL – OWNED ENTITY BOJANALA PRIME HOLDINGS (PTY) LTD – Bojanala Prime Holdings (PTY) Ltd,Bojanala Prime Holdings (PTY) Ltd,posted,2026-08-19T04:30:11.605990,2274.0
0bf378674a04b4bc,https://jobsbotswana.info/jobs/internal-auditor-thuto-saccos/,INTERNAL AUDITOR – Thuto SACCOS,Thuto SACCOS,posted,2026-08-19T04:30:26.375151,2276.0
a727b8e1635c2906,https://jobsbotswana.info/jobs/legal-officer-the-ministry-of-international-relations-republic-of-botswana/,"Legal Officer, P4","The Ministry of International Relations, Republic of Botswana",posted,2026-08-19T04:30:42.243863,2277.0
bfe91d0995a0aeee,https://jobsbotswana.info/jobs/librarian-arthur-portland-college-2/,LIBRARIAN – Arthur Portland College,Arthur Portland College,posted,2026-08-19T04:30:57.839082,2279.0
a62cd040b4d71899,https://jobsbotswana.info/jobs/machine-operator-morupule-coal-mine-mcm/,MACHINE OPERATOR – Morupule Coal Mine (MCM),Morupule Coal Mine (MCM),posted,2026-08-19T04:31:12.850233,2281.0
397790155f2cf7e7,https://jobsbotswana.info/jobs/machine-operators-macrox-pty-ltd/,MACHINE OPERATORS – Macrox (Pty) Ltd,MACROX (PTY) LTD,posted,2026-08-19T04:31:28.221555,2283.0
83bda701d53131b8,https://jobsbotswana.info/jobs/manager-legal-services-botswana-open-university/,MANAGER – LEGAL SERVICES – Botswana Open University,Botswana Open University,posted,2026-08-19T04:31:44.633174,2285.0
3f496d49c77a367a,https://jobsbotswana.info/jobs/marketing-intern-swift-concept/,MARKETING INTERN – Swift Concept,Swift Concept,posted,2026-08-19T04:31:59.457552,2287.0
9065a8164f986c1d,https://jobsbotswana.info/jobs/marketing-operations-manager-standard-bank/,MARKETING OPERATIONS MANAGER – Standard Bank,Standard Bank,posted,2026-08-19T04:32:15.674540,2289.0
f72415e7f1a33485,https://jobsbotswana.info/jobs/massage-therapist-hairdressers-nail-tech-fashion-fruit/,"MASSAGE THERAPIST, HAIRDRESSERS, NAIL TECH – Fashion Fruit",Fashion Fruit,posted,2026-08-19T04:32:29.869961,2291.0
498ff75affe1e70a,https://jobsbotswana.info/jobs/millwright-quality-meat-pty-ltd/,MILLWRIGHT – Quality Meat (Pty) Ltd,Quality Meat (Pty) Ltd,posted,2026-08-19T04:32:44.537480,2293.0
606ce901632ff7f6,https://jobsbotswana.info/jobs/mould-maker1-makoro-brick-tile-pty-ltd/,MOULD MAKER*1 – Makoro Brick & Tile (Pty) Ltd,Makoro Brick & Tile (Pty) Ltd,posted,2026-08-19T04:33:07.086576,2294.0
d89ddee34ce95e59,https://jobsbotswana.info/jobs/multi-machine-operator-mcm/,MULTI-MACHINE OPERATOR (X6) – Morupule Coal Mine,MCM,posted,2026-08-19T04:33:24.017240,2296.0
f3110d37386d578d,https://jobsbotswana.info/jobs/multi-machine-operator-x6-morupule-coal-mine/,MULTI-MACHINE OPERATOR (X6) – Morupule Coal Mine,Morupule Coal Mine,posted,2026-08-19T04:33:38.853112,2298.0
d2235e9335c4ec0c,https://jobsbotswana.info/jobs/national-expert-spatial-planning-ministry-of-environment-and-tourism/,NATIONAL EXPERT (SPATIAL PLANNING) – Ministry of Environment and Tourism,Ministry of Environment and Tourism,posted,2026-08-19T04:33:55.780528,2300.0
4f7bd8e097c7f0cd,https://jobsbotswana.info/jobs/nurse-kalafhi-medical-center/,NURSE – Kalafhi Medical Center,Kalafhi Medical Center,posted,2026-08-19T04:34:09.285318,2302.0
be51387c2bc2cdd8,https://jobsbotswana.info/jobs/on-air-presenters-and-news-readers-reporters-okavango-fm/,ON-AIR PRESENTERS AND NEWS READERS & REPORTERS – Okavango Fm,OKAVANGO FM,posted,2026-08-19T04:34:23.625155,2303.0
16aa581daf94fdb5,https://jobsbotswana.info/jobs/pharmacist-medismart-pharmacy/,PHARMACIST – MediSmart Pharmacy,MediSmart Pharmacy,posted,2026-08-19T04:34:37.106992,2304.0
116d6463212830a5,https://jobsbotswana.info/jobs/pharmacy-technician-medismart-pharmacy/,PHARMACY TECHNICIAN – MediSmart Pharmacy,MediSmart Pharmacy,posted,2026-08-19T04:34:49.452767,2305.0
6595c0a8d7a7070e,https://jobsbotswana.info/jobs/plumber-handyman-nthekgeng-multi-service-botswana-pty-ltd/,PLUMBER / HANDYMAN – Nthekgeng Multi Service Botswana (Pty) Ltd,NTHEKGENG MULTI SERVICE BOTSWANA (PTY) LTD,posted,2026-08-19T04:35:04.458511,2306.0
47b8b0eb935135ea,https://jobsbotswana.info/jobs/poultry-farm-manager-solace-pty-ltd-t-a-star-poultry-farm/,POULTRY FARM MANAGER – Solace Pty Ltd T/a Star Poultry Farm,SOLACE PTY LTD T/A STAR POULTRY FARM,posted,2026-08-19T04:35:26.582262,2308.0
3c0459136d53a5b5,https://jobsbotswana.info/jobs/poultry-farm-manager-solace-pty-ltd/,POULTRY FARM MANAGER – Solace Pty Ltd,Solace Pty Ltd,posted,2026-08-19T04:35:44.082101,2310.0
932a64fa8828c8d9,https://jobsbotswana.info/jobs/principal-assembly-bible-college/,PRINCIPAL – Assembly Bible College,Assembly Bible College,posted,2026-08-19T04:35:58.109538,2312.0
290e859472ae0ef0,https://jobsbotswana.info/jobs/principal-coordination-officer-managing-coordinator-the-ministry-of-international-relations-republic-of-botswana/,"Principal Coordination Officer ( Managing Coordinator), D1","The Ministry of International Relations, Republic of Botswana",posted,2026-08-19T04:36:34.838991,2313.0
034327ff0fdb1924,https://jobsbotswana.info/jobs/production-manager-quality-meat-pty-ltd/,PRODUCTION MANAGER – Quality Meat (Pty) Ltd,Quality Meat (Pty) Ltd,posted,2026-08-19T04:36:49.208917,2315.0
ac6b7b9b487473e3,https://jobsbotswana.info/jobs/programme-management-officer-united-nations-environment-programme-unep/,"PROGRAMME MANAGEMENT OFFICER, P4",United Nations Environment Programme (UNEP),posted,2026-08-19T04:37:05.819085,2316.0
a749293150013dba,https://jobsbotswana.info/jobs/project-manager-electrical-engineer-acacia-communications/,"PROJECT MANAGER, ELECTRICAL ENGINEER – Acacia Communications",Acacia Communications,posted,2026-08-19T04:37:19.887847,2318.0
31d9f91c4f40f98d,https://jobsbotswana.info/jobs/quality-assurance-officer-quality-meat-pty-ltd/,QUALITY ASSURANCE OFFICER – Quality Meat (Pty) Ltd,Quality Meat (Pty) Ltd,posted,2026-08-19T04:37:35.194072,2320.0
046615c0280f1ba1,https://jobsbotswana.info/jobs/radiographer-sonographer-full-time-agile-private-hospital/,RADIOGRAPHER/ SONOGRAPHER- FULL TIME – Agile Private Hospital,Agile Private Hospital,posted,2026-08-19T04:37:49.842988,2322.0
ec881edc9e8145b5,https://jobsbotswana.info/jobs/receptionist-and-temporary-dental-surgery-assistant-olive-branch-dental/,RECEPTIONIST AND TEMPORARY DENTAL SURGERY ASSISTANT – Olive Branch Dental,Olive Branch Dental,posted,2026-08-19T04:38:04.520557,2323.0
85c83a4fbf3f6782,https://jobsbotswana.info/jobs/resturant-supervisor-pitsseng-sizzlers/,RESTURANT SUPERVISOR – Pitsseng Sizzlers,PITSSENG SIZZLERS,posted,2026-08-19T04:38:23.746304,2324.0
9fe4cc81a999b49f,https://jobsbotswana.info/jobs/risk-compliance-manager-thuto-saccos/,RISK & COMPLIANCE MANAGER – Thuto SACCOS,Thuto SACCOS,posted,2026-08-19T04:38:39.375743,2325.0
35ad8424911abf80,https://jobsbotswana.info/jobs/sales-commercialisation-head-standard-bank/,SALES & COMMERCIALISATION HEAD – Standard Bank,Standard Bank,posted,2026-08-19T04:38:55.475083,2327.0
94b5e89ace39f3a5,https://jobsbotswana.info/jobs/sales-executives-les-lifting-engineering-supplies/,SALES EXECUTIVES – LES Lifting & Engineering Supplies,LES Lifting & Engineering Supplies,posted,2026-08-19T04:39:12.939814,2329.0
ff230fdc60163ea6,https://jobsbotswana.info/jobs/sales-marketing-personnel-rose-petals-events/,SALES & MARKETING PERSONNEL – Rose Petals Events,Rose Petals Events,posted,2026-08-19T04:39:29.733253,2330.0
9fa590edfcc10b11,https://jobsbotswana.info/jobs/senior-client-segments-manager-standard-bank/,SENIOR CLIENT SEGMENTS MANAGER – Standard Bank,Standard Bank,posted,2026-08-19T04:39:45.347322,2332.0
9ab2fc4d932acace,https://jobsbotswana.info/jobs/senior-paramedic-officer-ministry-of-health/,SENIOR PARAMEDIC OFFICER – Ministry of Health,Ministry of Health,posted,2026-08-19T04:40:07.678380,2334.0
395cc1e716e8d1df,https://jobsbotswana.info/jobs/shop-assistants-flavour-centre-2/,SHOP ASSISTANTS – Flavour Centre,Flavour Centre,posted,2026-08-19T04:40:21.484175,2335.0
180212908b814d1c,https://jobsbotswana.info/jobs/supply-personal-protective-equipment-ppe-and-safety-devices-to-debswana-operations-debswana/,SUPPLY PERSONAL PROTECTIVE EQUIPMENT (PPE) AND SAFETY DEVICES TO DEBSWANA OPERATIONS – Debswana,Debswana,posted,2026-08-19T04:40:35.150114,2337.0
d21f05d5b3b09dee,https://jobsbotswana.info/jobs/teachers-south-botswana-conference-of-the-seventh-day-adventist-church/,TEACHERS – South Botswana Conference of the Seventh-day Adventist Church,South Botswana Conference of the Seventh-day Adventist Church,posted,2026-08-19T04:40:49.206844,2339.0
